group,variable,median,aad
ALL,npg_p90,0.05203837443558648,0.10631131032679626
ALL,assists_p90,0.038469760252573426,0.08074079965553012
ALL,shots_p90,0.9673705840120812,0.7640963602502171
ALL,sot_p90,0.2769230769230769,0.3142287202840917
ALL,crosses_p90,1.1306572813484557,1.4820572425622025
ALL,interceptions_p90,0.9581268133462283,0.5371378744535683
ALL,tackles_won_p90,0.9831014930243942,0.4467962445064525
ALL,fouls_p90,1.4988165538203813,0.5510333869031476
ALL,fouled_p90,1.34186519753362,0.7110515277894264
ALL,offsides_p90,0.08208017965565999,0.19433366312702488
ALL,sot_rate,0.30303030303030304,0.14081387168927567
ALL,g_sh,0.05555555555555555,0.07066862559607655
ALL,sot_rate_shr,0.32330981574080414,0.05722488674470392
ALL,g_sh_shr,0.07724558759732401,0.03156264585199877
