season,archetype,player,team_main,pos_raw,minutes
1718,1,Fábio Espinho,Boavista,"FW,MF",2732
1819,1,Bryan Róchez,Nacional,FW,1764
1920,1,Silvestre Varela,B-SAD,"FW,MF",1567
2021,1,Angel Gomes,Boavista,"FW,MF",2492
2122,1,Ricardinho,Santa Clara,"FW,MF",2159
2223,1,André Silva,Vit. Guimarães,FW,1749
2324,1,Bruno Lourenço,Boavista,"FW,MF",2016
2425,1,Dudu,Nacional,"FW,MF",1338
1718,2,Tomás Podstawski,Vitória Setúbal,MF,1836
1819,2,Jonatan Lucca,B-SAD,MF,2247
1920,2,Julian Weigl,Benfica,MF,1372
2021,2,Naoufel Khacef,Tondela,"DF,MF",793
2122,2,Anderson,Portimonense,"FW,MF",1029
2223,2,Raphael Guzzo,Vizela,MF,2355
2324,2,Aleksandar Busnić,Vizela,MF,767
2425,2,Miguel Menino,Farense,MF,1830
1718,3,Edu Machado,Boavista,DF,421
1819,3,Ivanildo Fernandes,Moreirense,DF,1812
1920,3,Tomás Ribeiro,B-SAD,DF,1170
2021,3,Pedrão,Nacional,DF,2700
2122,3,Tiago Esgaio,Arouca,"DF,MF",986
2223,3,Paulo Eduardo,Santa Clara,DF,481
2324,3,Gonçalo Inácio,Sporting CP,DF,2482
2425,3,Zé Pedro Figueiredo,Porto,DF,1497
