rho,m,rates,K,medoid_pos_agree,n_inconsistent_pairs,inconsistent_pairs,min_pair_persistence,mean_pair_persistence,aligned_ok
0.75,1.2,shrunk,3,0.7916666666666666,0,,0.6027397260273972,0.7402919950910221,True
0.75,1.2,shrunk,4,0.84375,0,,0.5882352941176471,0.7347898802577361,True
0.75,1.2,shrunk,5,0.9,0,,0.5666666666666667,0.5943139759955393,True
0.75,1.2,shrunk,6,0.7291666666666666,0,,0.4256410256410256,0.5276617786303017,True
0.75,1.2,raw,3,0.8333333333333334,0,,0.6217948717948718,0.7369725049744507,True
0.75,1.2,raw,4,0.75,0,,0.42857142857142855,0.6495289920703218,True
0.75,1.2,raw,5,0.8,0,,0.4588235294117647,0.5671390585659674,True
0.75,1.2,raw,6,0.6875,0,,0.3898305084745763,0.45958386352176134,True
0.75,1.3,shrunk,3,0.8333333333333334,0,,0.7006802721088435,0.7702738143641469,True
0.75,1.3,shrunk,4,0.8125,0,,0.6477987421383647,0.71810363209367,True
0.75,1.3,shrunk,5,0.675,0,,0.3850574712643678,0.5785200772946089,True
0.75,1.3,shrunk,6,0.6875,0,,0.328042328042328,0.5145687386570564,True
0.75,1.3,raw,3,0.8333333333333334,0,,0.6418918918918919,0.7556688202531285,True
0.75,1.3,raw,4,0.71875,0,,0.43448275862068964,0.6197698020279683,True
0.75,1.3,raw,5,0.8,0,,0.4557823129251701,0.5480604944716038,True
0.75,1.3,raw,6,0.6875,0,,0.3988439306358382,0.5213823172873029,True
0.75,1.4,shrunk,3,0.8333333333333334,0,,0.6857142857142857,0.7342703504285807,True
0.75,1.4,shrunk,4,0.6875,0,,0.567741935483871,0.6796742002667086,True
0.75,1.4,shrunk,5,0.725,0,,0.44886363636363635,0.5731321516340363,True
0.75,1.4,shrunk,6,0.7708333333333334,0,,0.3333333333333333,0.49841270269926424,True
0.75,1.4,raw,3,0.7916666666666666,0,,0.5774647887323944,0.7308871043323582,True
0.75,1.4,raw,4,0.71875,0,,0.43448275862068964,0.6042339986694378,True
0.75,1.4,raw,5,0.725,0,,0.4557823129251701,0.5409820844444283,True
0.75,1.4,raw,6,0.8125,0,,0.5414012738853503,0.5815937468563434,True
0.75,1.5,shrunk,3,0.7083333333333334,0,,0.6524822695035462,0.7073006098499527,True
0.75,1.5,shrunk,4,0.84375,0,,0.575,0.6899599604173898,True
0.75,1.5,shrunk,5,0.85,0,,0.5113636363636364,0.6525217517302481,True
0.75,1.5,shrunk,6,0.7916666666666666,0,,0.44886363636363635,0.5469241626048514,True
0.75,1.5,raw,3,0.75,0,,0.4365079365079365,0.6581342076486153,True
0.75,1.5,raw,4,0.78125,0,,0.42857142857142855,0.6437789952996527,True
0.75,1.5,raw,5,0.775,0,,0.48633879781420764,0.5879603710259677,True
0.75,1.5,raw,6,0.8333333333333334,0,,0.484472049689441,0.5504158783982324,True
0.75,2.0,shrunk,3,0.5416666666666666,0,,0.5068493150684932,0.6551346665716123,True
0.75,2.0,shrunk,4,0.6875,0,,0.5220125786163522,0.5644075462172783,True
0.75,2.0,shrunk,5,0.675,0,,0.41935483870967744,0.5296634268141518,True
0.75,2.0,shrunk,6,0.7083333333333334,0,,0.4666666666666667,0.551860096572144,True
0.75,2.0,raw,3,0.5833333333333334,0,,0.35833333333333334,0.6271125720560092,True
0.75,2.0,raw,4,0.6875,0,,0.47586206896551725,0.5562446353597178,True
0.75,2.0,raw,5,0.675,0,,0.3503184713375796,0.4825237829045693,True
0.75,2.0,raw,6,0.6666666666666666,0,,0.3986013986013986,0.46193425726498827,True
1.0,1.2,shrunk,3,0.7916666666666666,0,,0.5897435897435898,0.7502125838535297,True
1.0,1.2,shrunk,4,0.875,0,,0.5353535353535354,0.7138478643172749,True
1.0,1.2,shrunk,5,0.9,0,,0.4120603015075377,0.5579052798194912,True
1.0,1.2,shrunk,6,0.7291666666666666,0,,0.4411764705882353,0.575792172816657,True
1.0,1.2,raw,3,0.8333333333333334,0,,0.7006369426751592,0.7764596484192519,True
1.0,1.2,raw,4,0.59375,0,,0.4303030303030303,0.6299626309334131,True
1.0,1.2,raw,5,0.8,0,,0.526829268292683,0.6108853225341695,True
1.0,1.2,raw,6,0.7083333333333334,0,,0.47368421052631576,0.5615368480311101,True
1.0,1.3,shrunk,3,0.7916666666666666,0,,0.5363128491620112,0.7216631124094988,True
1.0,1.3,shrunk,4,0.875,0,,0.6683673469387755,0.7495113542238545,True
1.0,1.3,shrunk,5,0.775,0,,0.38190954773869346,0.5343869133481904,True
1.0,1.3,shrunk,6,0.625,0,,0.4117647058823529,0.532496215359366,True
1.0,1.3,raw,3,0.9166666666666666,0,,0.7528089887640449,0.7929647430749601,True
1.0,1.3,raw,4,0.875,0,,0.6325301204819277,0.7275585029818114,True
1.0,1.3,raw,5,0.725,0,,0.5467980295566502,0.6055770942662116,True
1.0,1.3,raw,6,0.6666666666666666,0,,0.5172413793103449,0.5789195841409579,True
1.0,1.4,shrunk,3,0.8333333333333334,0,,0.7151898734177216,0.7487482105267869,True
1.0,1.4,shrunk,4,0.84375,0,,0.5614973262032086,0.7018703357463147,True
1.0,1.4,shrunk,5,0.8,0,,0.4473684210526316,0.5372798241906388,True
1.0,1.4,shrunk,6,0.7083333333333334,0,,0.358974358974359,0.5260370123027532,True
1.0,1.4,raw,3,0.8333333333333334,0,,0.7006369426751592,0.7754291833888329,True
1.0,1.4,raw,4,0.84375,0,,0.4484848484848485,0.7062891150949245,True
1.0,1.4,raw,5,0.75,0,,0.47549019607843135,0.5882248641386277,True
1.0,1.4,raw,6,0.7916666666666666,0,,0.47674418604651164,0.5622255289309691,True
1.0,1.5,shrunk,3,0.625,0,,0.61875,0.7121971687981352,True
1.0,1.5,shrunk,4,0.75,0,,0.5614973262032086,0.671631712700058,True
1.0,1.5,shrunk,5,0.75,0,,0.45789473684210524,0.5710151366898227,True
1.0,1.5,shrunk,6,0.7708333333333334,0,,0.48148148148148145,0.5647062534431676,True
1.0,1.5,raw,3,0.8333333333333334,0,,0.7006369426751592,0.7754291833888329,True
1.0,1.5,raw,4,0.8125,0,,0.5116279069767442,0.6834130569660467,True
1.0,1.5,raw,5,0.65,0,,0.43842364532019706,0.5606735608042521,True
1.0,1.5,raw,6,0.8125,0,,0.47674418604651164,0.5440957336144898,True
1.0,2.0,shrunk,3,0.6666666666666666,0,,0.5,0.6203006462447285,True
1.0,2.0,shrunk,4,0.59375,0,,0.4319526627218935,0.542930427393133,True
1.0,2.0,shrunk,5,0.675,0,,0.4127906976744186,0.5110882552704782,True
1.0,2.0,shrunk,6,0.7083333333333334,0,,0.4656084656084656,0.5271940987249492,True
1.0,2.0,raw,3,0.7083333333333334,0,,0.3888888888888889,0.6315927968553366,True
1.0,2.0,raw,4,0.5625,0,,0.32941176470588235,0.4959527153811785,True
1.0,2.0,raw,5,0.625,0,,0.3615819209039548,0.47276163673531374,True
1.0,2.0,raw,6,0.6458333333333334,0,,0.3795180722891566,0.4480937522843374,True
1.5,1.2,shrunk,3,0.7083333333333334,0,,0.632768361581921,0.7618046272047652,True
1.5,1.2,shrunk,4,0.90625,0,,0.6536585365853659,0.7273035321511594,True
1.5,1.2,shrunk,5,0.9,0,,0.40669856459330145,0.5405898180414311,True
1.5,1.2,shrunk,6,0.7708333333333334,0,,0.4742268041237113,0.5664120158100352,True
1.5,1.2,raw,3,0.8333333333333334,0,,0.7295918367346939,0.8035225960713771,True
1.5,1.2,raw,4,0.90625,0,,0.4581005586592179,0.6963107146731435,True
1.5,1.2,raw,5,0.775,0,,0.5285714285714286,0.5943955528481981,True
1.5,1.2,raw,6,0.6875,0,,0.5054945054945055,0.5639412240359851,True
1.5,1.3,shrunk,3,0.7916666666666666,0,,0.632768361581921,0.7704458602120443,True
1.5,1.3,shrunk,4,0.875,0,,0.6585365853658537,0.7332212306077208,True
1.5,1.3,shrunk,5,0.75,0,,0.3923444976076555,0.5272003876033732,True
1.5,1.3,shrunk,6,0.6666666666666666,0,,0.40669856459330145,0.5347121931671072,True
1.5,1.3,raw,3,0.8333333333333334,0,,0.6974358974358974,0.7920469802101404,True
1.5,1.3,raw,4,0.875,0,,0.45251396648044695,0.6947224081498019,True
1.5,1.3,raw,5,0.8,0,,0.4449760765550239,0.5932382487104064,True
1.5,1.3,raw,6,0.6875,0,,0.5054945054945055,0.5676545334432817,True
1.5,1.4,shrunk,3,0.75,0,,0.5520833333333334,0.7164915851259198,True
1.5,1.4,shrunk,4,0.90625,0,,0.6195121951219512,0.7226115654392492,True
1.5,1.4,shrunk,5,0.7,0,,0.3923444976076555,0.5363814105076108,True
1.5,1.4,shrunk,6,0.875,0,,0.4484536082474227,0.525866362309811,True
1.5,1.4,raw,3,0.9166666666666666,0,,0.7570621468926554,0.7956608741817551,True
1.5,1.4,raw,4,0.9375,0,,0.6700507614213198,0.7281625485465089,True
1.5,1.4,raw,5,0.775,0,,0.4807692307692308,0.6048446434141351,True
1.5,1.4,raw,6,0.7916666666666666,0,,0.47540983606557374,0.5705188599479816,True
1.5,1.5,shrunk,3,0.75,0,,0.6701570680628273,0.7340221463691833,True
1.5,1.5,shrunk,4,0.8125,0,,0.5771144278606966,0.6991061938021448,True
1.5,1.5,shrunk,5,0.75,0,,0.3923444976076555,0.5563586222523831,True
1.5,1.5,shrunk,6,0.8333333333333334,0,,0.42857142857142855,0.5485027225591501,True
1.5,1.5,raw,3,0.875,0,,0.6914285714285714,0.7862846491154574,True
1.5,1.5,raw,4,0.9375,0,,0.6852791878172588,0.7370491752996834,True
1.5,1.5,raw,5,0.775,0,,0.44976076555023925,0.5909513572530073,True
1.5,1.5,raw,6,0.75,0,,0.4861878453038674,0.5595151445379404,True
1.5,2.0,shrunk,3,0.625,0,,0.5577889447236181,0.6620722599467265,True
1.5,2.0,shrunk,4,0.71875,0,,0.5247524752475248,0.5475769300489672,True
1.5,2.0,shrunk,5,0.675,0,,0.44878048780487806,0.5262371725019419,True
1.5,2.0,shrunk,6,0.7291666666666666,0,,0.4576271186440678,0.5459617069571665,True
1.5,2.0,raw,3,0.625,0,,0.5678391959798995,0.6524868616816516,True
1.5,2.0,raw,4,0.71875,0,,0.5467980295566502,0.6099704550850689,True
1.5,2.0,raw,5,0.6,0,,0.3351063829787234,0.4857075524404769,True
1.5,2.0,raw,6,0.7708333333333334,0,,0.4350282485875706,0.4893907240953416,True
