rates,K,rho,m,baseline,wald_p_boot,mean_se_ratio,max_abs_bias,gain_orig_adjR2
shrunk,4,1.0,1.3,core,0.07863576564691144,1.083316525815166,0.06714947902441416,0.0033744904756731753
shrunk,4,1.0,1.3,full,0.015280211512917141,1.1466203933134667,0.08485759542726157,0.005621526242526986
shrunk,4,1.0,1.4,core,0.03685410284145818,1.1012412718221998,0.08827198114709772,0.004207179944442863
shrunk,4,1.0,1.4,full,0.00773209486732751,1.1890456370392544,0.09835991020711904,0.006626255196623965
shrunk,4,1.0,1.5,core,0.029174917264077393,1.1862209681773286,0.14356277516338242,0.005237950122955359
shrunk,4,1.0,1.5,full,0.007628789199298658,1.2844563170282093,0.16462863816722006,0.007534983301627496
shrunk,4,1.0,1.2,core,0.4451415028568375,1.0969296316565145,0.09038695333511156,0.0008504590360020048
shrunk,4,1.0,1.2,full,0.27687572810271344,1.154704975180971,0.11157808644009166,0.0017874180075568846
shrunk,4,1.0,2.0,core,0.08779951871922254,1.1537692863152245,0.1966036225144623,0.0021718840257988203
shrunk,4,1.0,2.0,full,0.019160822437711,1.1554605780773544,0.25301177378240625,0.004308388939789687
shrunk,4,1.5,1.3,core,0.17093145546020372,1.0921915100964459,0.050728638677186993,0.001893749931376032
shrunk,4,1.5,1.3,full,0.06895912718926966,1.1845516215951792,0.04890581070264591,0.0037495551415221984
shrunk,3,1.0,1.3,core,0.5572448420132761,1.3402388113808918,0.04944847523389584,0.00041123990567204505
shrunk,3,1.0,1.3,full,0.33501190475000997,1.4645849766184493,0.0604867774096772,0.0016639565714386961
shrunk,5,1.0,1.3,core,0.7226797066704556,1.2819729157443303,0.1353883134977054,-1.9954020856860488e-05
shrunk,5,1.0,1.3,full,0.757419535417414,1.3234096859063231,0.16500846774134487,-0.00022352818144499853
raw,4,1.0,1.3,core,0.05499172590421331,1.1269865840479596,0.061716935498474235,0.003135460734758455
raw,4,1.0,1.3,full,0.016396738873272643,1.2096224445991877,0.07109327478237909,0.005911048181527323
raw,3,1.0,1.3,core,0.0774620003279648,1.0735866964584617,0.12469897942250052,0.0026916055288339624
raw,3,1.0,1.3,full,0.011586690465997473,1.1350614741358396,0.19910912450699114,0.005849432042148717
