scaling,rates,K,w_performance,w_rates,w_position,noise_share,xie_beni,degenerate
max,raw,3,0.03825109369827985,0.9590186105736949,0.002730295728025329,0.05172413793103448,0.2148459655799885,True
max,raw,4,0.03108932537384867,0.9667761760490947,0.0021344985770565175,0.046798029556650245,0.21599234357014258,True
max,raw,5,9.523166455356613e-14,1.8991801363572166e-13,0.9999999999997149,0.0,2.8093564353627973e-27,True
max,shrunk,3,0.31184896563188264,0.6006000267877992,0.08755100758031821,0.3399014778325123,0.33746704710056236,False
max,shrunk,4,0.23792705569779368,0.7035640266285678,0.05850891767363846,0.21428571428571427,0.8607115302502134,False
max,shrunk,5,1.1190849065856318e-10,1.7447416754411581e-10,0.9999999997136174,0.0,3.541774446745859e-21,True
mean,raw,3,0.15122967565434609,0.7418940686022052,0.10687625574344878,0.06157635467980296,0.4222586559799709,False
mean,raw,4,0.09105872046514438,0.037585029890184245,0.8713562496446713,0.16009852216748768,0.07551233378519101,True
mean,raw,5,5.2462343117452775e-15,2.3754531555025862e-15,0.9999999999999925,0.0,2.91209048610474e-29,True
mean,shrunk,3,0.12848665858770553,0.10929249126443853,0.762220850147856,0.04433497536945813,0.1441886107631609,False
mean,shrunk,4,0.051726870257627275,0.04364406187046798,0.9046290678719048,0.0,0.048715811697031104,True
mean,shrunk,5,0.05273324093935938,0.045905146155024154,0.9013616129056164,0.0,6.527543155516634,True
