rates,K,model,n,k_added,adjR2_base,adjR2_ext,d_adjR2,wald_p,oos_R2_base,oos_R2_ext,d_oos,share_cv_better
shrunk,4,core + delta_u,1361,4,0.44767235848871245,0.45104684896438574,0.0033744904756732863,0.026942066304500745,0.436132215587394,0.43689579149994895,0.0007635759125548776,0.7333333333333333
shrunk,4,core + size of shift,1361,1,0.44767235848871245,0.44753180277850435,-0.0001405557102081012,0.3960209756467201,0.436132215587394,0.43540362787117204,-0.0007285877162220548,0.13333333333333333
shrunk,4,core + delta entropy,1361,1,0.44767235848871245,0.44726042815381484,-0.00041193033489761444,0.9808348053140566,0.436132215587394,0.4352715042331455,-0.0008607113542486222,0.0
shrunk,4,core + levels u(t),1361,4,0.44767235848871245,0.4465968230933566,-0.0010755353953558755,0.8629519989445954,0.436132215587394,0.4327920380788542,-0.0033401775085398545,0.0
shrunk,4,core + levels u(t) + delta_u,1361,8,0.44767235848871245,0.45084780293973337,0.0031754444510209145,0.07961271464856332,0.436132215587394,0.43471118133651293,-0.0014210342508811666,0.2
shrunk,4,full + delta_u,1361,4,0.4476791613295418,0.45330068757206887,0.005621526242527097,0.0021811510742863896,0.42215009511540214,0.42541300814227656,0.0032629130268743366,0.9333333333333333
shrunk,4,full + size of shift,1361,1,0.4476791613295418,0.4475386002153888,-0.00014056111415294836,0.39450647302936015,0.42215009511540214,0.4214096214276022,-0.0007404736877999733,0.13333333333333333
shrunk,4,full + delta entropy,1361,1,0.4476791613295418,0.4474413896359889,-0.00023777169355287953,0.5126235420040204,0.42215009511540214,0.42144620203165245,-0.0007038930837496775,0.06666666666666667
shrunk,4,full + levels u(t),1361,4,0.4476791613295418,0.4466555578919871,-0.0010236034375546987,0.847026518813843,0.42215009511540214,0.41889772017062377,-0.003252374944778332,0.0
shrunk,4,full + levels u(t) + delta_u,1361,8,0.4476791613295418,0.45286719364390216,0.00518803231436038,0.009043749175707577,0.42215009511540214,0.4230185451738426,0.000868450058440473,0.5666666666666667
raw,4,core + delta_u,1361,4,0.44767235848871245,0.450807819223471,0.003135460734758566,0.03445894754896499,0.436132215587394,0.43682582529243597,0.0006936097050418199,0.6666666666666666
raw,4,core + size of shift,1361,1,0.44767235848871245,0.44726020315743054,-0.00041215533128191595,0.9929457420241928,0.436132215587394,0.4352287624665859,-0.0009034531208081546,0.0
raw,4,core + delta entropy,1361,1,0.44767235848871245,0.4473049097757703,-0.0003674487129421422,0.7474992989005835,0.436132215587394,0.435121722336328,-0.0010104932510661432,0.0
raw,4,core + levels u(t),1361,4,0.44767235848871245,0.44665730771413215,-0.0010150507745803061,0.8149387364444944,0.436132215587394,0.4330512446944191,-0.003080970892975036,0.0
raw,4,core + levels u(t) + delta_u,1361,8,0.44767235848871245,0.44985835169374244,0.00218599320502999,0.11874979642870787,0.436132215587394,0.4339434190540334,-0.002188796533360582,0.03333333333333333
raw,4,full + delta_u,1361,4,0.4456741531806836,0.45158520136221103,0.005911048181527434,0.0023336905167128884,0.420185174097571,0.4241575546367352,0.003972380539164219,1.0
raw,4,full + size of shift,1361,1,0.4456741531806836,0.4452608633990037,-0.00041328978167987085,0.8958011335321541,0.420185174097571,0.41927801808804366,-0.000907156009527362,0.0
raw,4,full + delta entropy,1361,1,0.4456741531806836,0.4453386660230506,-0.0003354871576329854,0.6595139127606175,0.420185174097571,0.4192251328781396,-0.0009600412194314105,0.03333333333333333
raw,4,full + levels u(t),1361,4,0.4456741531806836,0.4457092600486604,3.510686797680851e-05,0.3506399075052416,0.420185174097571,0.41778199925856513,-0.0024031748390059395,0.0
raw,4,full + levels u(t) + delta_u,1361,8,0.4456741531806836,0.4508079196042968,0.005133766423613184,0.012747152865321791,0.420185174097571,0.42117734041107574,0.000992166313504735,0.6
shrunk,3,core + delta_u,1361,3,0.44767235848871245,0.4480835983943846,0.00041123990567215607,0.26562697728886614,0.436132215587394,0.43496987749049854,-0.0011623380968955321,0.13333333333333333
shrunk,3,core + size of shift,1361,1,0.44767235848871245,0.4487032114845334,0.0010308529958209522,0.05236253344415329,0.436132215587394,0.4366681294690134,0.0005359138816192766,0.7666666666666667
shrunk,3,core + delta entropy,1361,1,0.44767235848871245,0.44741332626354924,-0.0002590322251632138,0.5656083170952073,0.436132215587394,0.43534039230760563,-0.0007918232797884358,0.1
shrunk,3,core + levels u(t),1361,3,0.44767235848871245,0.4475534219122478,-0.00011893657646466771,0.5075098040273689,0.436132215587394,0.4345179655213744,-0.0016142500660197142,0.06666666666666667
shrunk,3,core + levels u(t) + delta_u,1361,6,0.44767235848871245,0.4486597070915175,0.0009873486028050271,0.2702449530809422,0.436132215587394,0.4338934317787444,-0.0022387838086496913,0.06666666666666667
shrunk,3,full + delta_u,1361,3,0.4476791613295418,0.4493431179009807,0.0016639565714389182,0.05276822806433552,0.42215009511540214,0.4222439713583139,9.387624291171682e-05,0.5666666666666667
shrunk,3,full + size of shift,1361,1,0.4476791613295418,0.44855210190397765,0.0008729405744358765,0.07009207320579446,0.42215009511540214,0.4226352169254752,0.00048512181007299705,0.7333333333333333
shrunk,3,full + delta entropy,1361,1,0.4476791613295418,0.4479587833329546,0.00027962200341280496,0.21510050225802618,0.42215009511540214,0.4220555957531661,-9.449936223619264e-05,0.5666666666666667
shrunk,3,full + levels u(t),1361,3,0.4476791613295418,0.44958812612286725,0.0019089647933254739,0.052382564673477204,0.42215009511540214,0.4224418804319227,0.0002917853165205468,0.6666666666666666
shrunk,3,full + levels u(t) + delta_u,1361,6,0.4476791613295418,0.4515901247181269,0.003910963388585098,0.024192936668322687,0.42215009511540214,0.4226228726441612,0.0004727775287591533,0.6333333333333333
shrunk,5,core + delta_u,1361,5,0.44767235848871245,0.4476524044678557,-1.9954020856749466e-05,0.4275603954459889,0.436132215587394,0.4341654573525456,-0.0019667582348484535,0.06666666666666667
shrunk,5,core + size of shift,1361,1,0.44767235848871245,0.4473214365774848,-0.00035092191122765293,0.7008838112888487,0.436132215587394,0.435345542787499,-0.000786672799895057,0.06666666666666667
shrunk,5,core + delta entropy,1361,1,0.44767235848871245,0.44756050358266564,-0.00011185490604681547,0.4070000963981758,0.436132215587394,0.4354823762669486,-0.0006498393204455592,0.16666666666666666
shrunk,5,core + levels u(t),1361,5,0.44767235848871245,0.44711151384980585,-0.0005608446389065991,0.6329179337495624,0.436132215587394,0.43331136838780887,-0.002820847199585175,0.03333333333333333
shrunk,5,core + levels u(t) + delta_u,1361,10,0.44767235848871245,0.44590189920552703,-0.0017704592831854216,0.836972646215379,0.436132215587394,0.4292302116342185,-0.006902003953175566,0.0
shrunk,5,full + delta_u,1361,5,0.4476791613295418,0.4474556331480968,-0.00022352818144499853,0.5222267475589324,0.42215009511540214,0.4196307705685503,-0.002519324546851872,0.03333333333333333
shrunk,5,full + size of shift,1361,1,0.4476791613295418,0.44736114060051024,-0.0003180207290315318,0.6309378935895975,0.42215009511540214,0.4213521946076793,-0.0007979005077228263,0.1
shrunk,5,full + delta entropy,1361,1,0.4476791613295418,0.447328251641421,-0.00035090968812079293,0.6964647078779322,0.42215009511540214,0.42127192868578883,-0.0008781664296132252,0.0
shrunk,5,full + levels u(t),1361,5,0.4476791613295418,0.44678983263291916,-0.0008893286966226155,0.7764619402873306,0.42215009511540214,0.4188424854418603,-0.0033076096735418187,0.0
shrunk,5,full + levels u(t) + delta_u,1361,10,0.4476791613295418,0.4459246077357022,-0.0017545535938395806,0.9116871660126766,0.42215009511540214,0.41475826210843064,-0.007391833006971464,0.0
raw,3,core + delta_u,1361,3,0.44767235848871245,0.4503639640175465,0.0026916055288340734,0.05425755809649411,0.436132215587394,0.43718161953469653,0.0010494039473024927,0.7666666666666667
raw,3,core + size of shift,1361,1,0.44767235848871245,0.44838127060616717,0.0007089121174547186,0.10968282396047188,0.436132215587394,0.4363250091293999,0.00019279354200587204,0.7
raw,3,core + delta entropy,1361,1,0.44767235848871245,0.4474590821225921,-0.00021327636612034073,0.49735018537046005,0.436132215587394,0.43524568383283485,-0.0008865317545591981,0.1
raw,3,core + levels u(t),1361,3,0.44767235848871245,0.44808736371260993,0.00041500522389747996,0.27001812248827084,0.436132215587394,0.43515471506291425,-0.0009775005244798537,0.2
raw,3,core + levels u(t) + delta_u,1361,6,0.44767235848871245,0.4495487474269415,0.0018763889382290566,0.19667864811238753,0.436132215587394,0.4349577819448622,-0.0011744336425318987,0.3333333333333333
raw,3,full + delta_u,1361,3,0.4456741531806836,0.4515235852228322,0.005849432042148606,0.0032814695375235976,0.420185174097571,0.4249147140124693,0.004729539914898299,1.0
raw,3,full + size of shift,1361,1,0.4456741531806836,0.4464688219578873,0.0007946687772036887,0.10199437762132292,0.420185174097571,0.4204820780230663,0.00029690392549531396,0.7666666666666667
raw,3,full + delta entropy,1361,1,0.4456741531806836,0.4456676339993262,-6.519181357411696e-06,0.3147627123381137,0.420185174097571,0.41957150924831155,-0.0006136648492594136,0.3333333333333333
raw,3,full + levels u(t),1361,3,0.4456741531806836,0.44689854664956885,0.0012243934688852542,0.11720283903360426,0.420185174097571,0.4200285955159002,-0.00015657858167079653,0.5
raw,3,full + levels u(t) + delta_u,1361,6,0.4456741531806836,0.45036720485288717,0.004693051672203574,0.029781786768665094,0.420185174097571,0.42204155925179593,0.0018563851542249302,0.8
