rates,K,variation,n,players,core_p,core_dR2,full_p,full_dR2,hausman_p
shrunk,4,all pairs (main),1361,697,0.026942066304500745,0.0033744904756732863,0.0021811510742863896,0.005621526242527097,
shrunk,4,winsorised outcome (1%/99%),1361,697,0.0327893764971488,0.0030450077623346283,0.003784815730391191,0.005025502912571755,
shrunk,4,stayers only (no club change),1058,611,0.2396767202209676,0.0008538310075696387,0.046400045780556745,0.002274076980028683,
shrunk,4,non-zero value changes only,1164,632,0.04745036685736554,0.0030930024229403053,0.010142928291073522,0.00463797374005237,
shrunk,4,minutes >= 500 in both seasons,1069,574,0.022786758656784686,0.003947880654817881,0.014948754657403952,0.004406157104331343,
shrunk,4,"exclude COVID seasons (pairs from 1920, 2021)",960,598,0.26959191219348494,0.0015812987439972614,0.15804224862210875,0.002339163458108584,
shrunk,4,age <= 30,1222,642,0.06351174262118517,0.0028347988450097006,0.007493362989344303,0.005207827758698436,
shrunk,4,no noise-dominated players,1283,669,0.03505330470061158,0.0033288287468916655,0.00874192203555493,0.0048638095144759586,
shrunk,4,FE/RE Hausman (core),1361,697,0.01766279602727383,,,,0.0
shrunk,4,FE/RE Hausman (full),1361,697,,,0.001344201682998647,,0.0
