rates,K,rho,m,seed,persist,noise_share,core_p,core_dR2,core_dOOS,full_p,full_dR2,full_dOOS
shrunk,4,1.0,1.2,0,0.9508145363408521,0.04918546365914787,0.03500531466760975,0.0029344194770987153,0.00024667969422385025,0.0048434018001937435,0.0046691490587030815,0.0022766266748496466
shrunk,4,1.0,1.2,1,0.9398496240601504,0.06015037593984962,0.34680545556517917,0.00019553688996354346,-0.0013983017204547755,0.11741049113608495,0.001193453485022422,-0.00016896169528500814
shrunk,4,1.0,1.2,2,0.9530075187969925,0.046992481203007516,0.03427036802600841,0.002673487233734617,0.00025462550470296553,0.0011843919271948722,0.005345778631667408,0.003171446215805185
shrunk,4,1.0,1.2,3,0.924812030075188,0.07518796992481203,0.005294166015240629,0.003682723235593155,0.0024736055753025845,0.0005362063279106375,0.005739713074856989,0.004952253044212695
shrunk,4,1.0,1.2,4,0.9417293233082706,0.05827067669172932,0.2594629388467492,0.00037165166998942567,-0.0020361716360300154,0.11680216775744176,0.001137166560581715,-0.001356561901952802
shrunk,4,1.0,1.2,5,0.9342105263157895,0.06578947368421052,0.23058807012604385,0.00040083037799554244,-0.0011711340491542654,0.0757250583087745,0.0014118281259237753,0.0003104375230418288
shrunk,4,1.0,1.2,6,0.9514411027568922,0.04855889724310777,0.7537846066803091,-0.0008729806113124683,-0.0030549205121927934,0.23039142482488967,0.0003635279808184011,-0.0018104410464644504
shrunk,4,1.0,1.2,7,0.9470551378446115,0.05294486215538847,0.46433366129918385,-0.00027860755714326224,-0.0030004517167343757,0.13079234366231196,0.0010001366122395217,-0.0013972126180792576
shrunk,4,1.0,1.2,8,0.9476817042606517,0.05231829573934837,0.4117421564689978,-0.00012774180831809367,-0.0028110955602268727,0.1454202789229237,0.0008928885245643725,-0.0016678610659961678
shrunk,4,1.0,1.2,9,0.9411027568922306,0.05889724310776942,0.3441384775827385,0.0002926054346057416,-0.0015390338570008932,0.1165431958153909,0.0015729052583542957,-0.0004063613915652797
shrunk,4,1.0,1.2,10,0.9429824561403509,0.05701754385964912,0.06993319220471497,0.0019019216045174092,-0.001250124520124385,0.017084399035978512,0.0035571593804150092,0.0005651632614615098
shrunk,4,1.0,1.2,11,0.9348370927318296,0.06516290726817042,0.003058122064096435,0.003841835746849931,0.0021712462196459394,0.0009913492971803718,0.004851209267298984,0.004050734910842601
shrunk,4,1.0,1.2,12,0.9486215538847118,0.05137844611528822,0.07105651657615256,0.0018535679385005555,4.392137086639547e-06,0.009066689032215374,0.003704512235808255,0.0024027358211231474
shrunk,4,1.0,1.2,13,0.9580200501253133,0.041979949874686714,0.20833616659937343,0.0011198245334772539,-0.0012473110000372988,0.060827997586055914,0.002405577538054704,0.0006395575723902258
shrunk,4,1.0,1.2,14,0.9570802005012531,0.042919799498746865,0.2616927207887839,0.0007678661006629284,-0.0016300065749872972,0.04239899440510583,0.002614648299999467,0.00023531253192786704
shrunk,4,1.0,1.2,15,0.9520676691729323,0.047932330827067667,0.8290626771270565,-0.0010732585309787268,-0.002886629831827392,0.5000091550912813,-0.00035272128299834726,-0.002021707221586255
shrunk,4,1.0,1.2,16,0.9514411027568922,0.04855889724310777,0.6171517549986978,-0.0004567788275867679,-0.002992661393454843,0.25011563481395144,0.0006076673383951237,-0.0023858473040394013
shrunk,4,1.0,1.2,17,0.9445488721804511,0.05545112781954887,0.0015623202218295377,0.006040285911121157,0.0038907074071167893,3.239035648341355e-05,0.00895142198622989,0.007283363674098852
shrunk,4,1.0,1.2,18,0.9548872180451128,0.045112781954887216,0.10780214118156319,0.0017440947697136,-0.0013143804081488298,0.008238434126762511,0.0042636938930391555,0.0008416574881175865
shrunk,4,1.0,1.2,19,0.9407894736842105,0.05921052631578947,0.1615691157617665,0.0019358203483763603,-0.00243126627721475,0.0958542256126995,0.0027230746627286972,-0.001107224609318036
shrunk,4,1.0,1.2,20,0.950187969924812,0.04981203007518797,0.3757047278964641,0.0005810858243149308,-0.0016969484011922665,0.11061304342316963,0.0023921797804560274,0.0005677157852409631
shrunk,4,1.0,1.2,21,0.9505012531328321,0.04949874686716792,0.5945591680304725,-0.0005713240327394065,-0.0024548944598222324,0.3440389445343477,0.00021447766826065973,-0.001759376399645618
shrunk,4,1.0,1.2,22,0.9495614035087719,0.05043859649122807,0.3763296874620179,0.0001236450355572849,-0.0016291727201340977,0.0652222192606661,0.0019837853103122915,0.0005299912856824296
shrunk,4,1.0,1.2,23,0.9555137844611529,0.044486215538847115,0.05541050640038585,0.0023359007414123223,-5.411517761987339e-05,0.0057353756435912775,0.004150912009454166,0.0022365336436990235
shrunk,4,1.0,1.2,24,0.9370300751879699,0.06296992481203008,0.22532792488566486,0.00028697430391833034,-0.002132256024284651,0.17679543317973473,0.0006570239844126968,-0.0012089082578413458
shrunk,4,1.0,1.2,25,0.9483082706766918,0.05169172932330827,0.06133919136660923,0.002103423554995487,-0.0002591051350865903,0.008101589879252712,0.003968031153682716,0.0017127165664489019
shrunk,4,1.0,1.2,26,0.9517543859649122,0.04824561403508772,0.22333698005061123,0.0004511146434335034,-0.0019149986914299144,0.19719665619990454,0.0007086308811988795,-0.0018115000298627782
shrunk,4,1.0,1.2,27,0.9332706766917294,0.06672932330827068,0.20437850883647518,0.0008829750923707858,-0.0006040540975777664,0.0474585029774773,0.002349395715908642,0.0014143010139651246
shrunk,4,1.0,1.2,28,0.9448621553884712,0.05513784461152882,0.5520766753187267,-0.00031066352023501054,-0.003388189945716691,0.280280125849751,0.0005852920818699703,-0.002349429485833687
shrunk,4,1.0,1.2,29,0.9458020050125313,0.05419799498746867,0.21217129070893953,0.0005053514891887323,-0.0013547057436724796,0.14301965500270614,0.0010432014211760876,-0.0006596323894569988
shrunk,4,1.0,1.3,0,0.9464285714285714,0.05357142857142857,0.026942066304499357,0.0033744904756732863,0.0013305576609818793,0.002181151074286161,0.005621526242527097,0.00433767016523332
shrunk,4,1.0,1.3,1,0.9373433583959899,0.06265664160401002,0.17485251776151461,0.0008026580726626653,-0.0005511469081143194,0.02653950068763585,0.0022573503083670454,0.0010489493567874763
shrunk,4,1.0,1.3,2,0.9511278195488722,0.04887218045112782,0.005966516065280091,0.003970861780897006,0.0018146586554020016,8.682617997960388e-05,0.007211023802452532,0.005256424399312098
shrunk,4,1.0,1.3,3,0.9204260651629073,0.07957393483709273,0.028794992386103797,0.0024476181171089184,0.0009207048065159595,0.014628738045666197,0.0032654691249572876,0.002571936877360248
shrunk,4,1.0,1.3,4,0.950187969924812,0.04981203007518797,0.3904916992155164,7.754359717415671e-05,-0.0017106454936931304,0.16451852667395434,0.0010732469903428354,-0.000645947414182968
shrunk,4,1.0,1.3,5,0.9266917293233082,0.07330827067669173,0.0424657696799953,0.0021589548828070404,-0.0004361884989446785,0.009715157830266151,0.0036698272322841508,0.0019189287807270471
shrunk,4,1.0,1.3,6,0.9429824561403509,0.05701754385964912,0.7143222042218984,-0.0007788029728846846,-0.0031003726259958954,0.3223363817088887,0.0001794650166038192,-0.0023609347950923508
shrunk,4,1.0,1.3,7,0.9382832080200502,0.06171679197994987,0.004149718604333275,0.0047184660023656955,0.002791599812582135,0.00017340549622207302,0.007802287597029278,0.006805710075567984
shrunk,4,1.0,1.3,8,0.9398496240601504,0.06015037593984962,0.08792262243686794,0.0015283693282925892,-0.0010395992188796499,0.022958685661772026,0.002628316646091977,0.0004896712526661906
shrunk,4,1.0,1.3,9,0.9454887218045113,0.05451127819548872,0.1717373574788352,0.0012374516272806169,-0.0006006407594788988,0.05059211051384202,0.0027652668497566424,0.0012526843067709125
shrunk,4,1.0,1.3,10,0.9320175438596491,0.06798245614035088,0.325393112528073,0.000164245382092032,-0.0023077528171119186,0.14107924110908585,0.0009899948892226895,-0.0013415247761478955
shrunk,4,1.0,1.3,11,0.9279448621553885,0.07205513784461152,0.05811155904479654,0.0015074320703317712,2.3042943945517092e-05,0.016622622446770402,0.0024493728861619823,0.0014092650269796557
shrunk,4,1.0,1.3,12,0.9335839598997494,0.06641604010025062,0.012721746481812075,0.002915679374693503,0.0014866880952789762,0.0017836876210709032,0.004851665536608207,0.004188168451733576
shrunk,4,1.0,1.3,13,0.9580200501253133,0.041979949874686714,0.18566284158182972,0.0010754978526850145,-0.0010024698479793703,0.04474071199216705,0.002531325781583993,0.0010507600194975763
shrunk,4,1.0,1.3,14,0.9451754385964912,0.05482456140350877,0.014488369099183539,0.003300379254457919,0.0015949133615391741,0.00410036164074195,0.004935475437622183,0.0036626512140236047
shrunk,4,1.0,1.3,15,0.9304511278195489,0.06954887218045112,0.6883079224323156,-0.0006572466458635295,-0.002555860409365973,0.27923047404465473,0.0007297431483356265,-0.0010738854984617574
shrunk,4,1.0,1.3,16,0.9426691729323309,0.05733082706766917,0.27100558627767585,0.0004723052099783187,-0.0008018999204815524,0.061914536669260105,0.002108865939524196,0.0010016571955473118
shrunk,4,1.0,1.3,17,0.9263784461152882,0.07362155388471178,0.017761019861009714,0.003475189667231704,0.0018203545243815067,0.0019768104407619563,0.005739677865830184,0.004951605419573779
shrunk,4,1.0,1.3,18,0.9470551378446115,0.05294486215538847,0.0034320164279286005,0.0036126503840263613,0.0018396147440497667,0.00011901247944792363,0.006494220444790866,0.004749725326853638
shrunk,4,1.0,1.3,19,0.9411027568922306,0.05889724310776942,0.14620709194483958,0.0013060270566436216,-0.0014086185582315226,0.041223949606653,0.0026157288059017736,0.0003671517368968202
shrunk,4,1.0,1.3,20,0.9520676691729323,0.047932330827067667,0.042342883311535115,0.0024256407717774264,0.0006661725992862077,0.00628064149944108,0.004508055305872061,0.0030173879160669604
shrunk,4,1.0,1.3,21,0.9473684210526315,0.05263157894736842,0.5725087902917754,-0.0004756829860608214,-0.002235694339372185,0.2841048641657807,0.0005162520346968513,-0.0011579002543379846
shrunk,4,1.0,1.3,22,0.9520676691729323,0.047932330827067667,0.12323920773650562,0.0009929328308847518,-0.0010030339918257857,0.0031384652152802017,0.003958094386106614,0.002447699381460333
shrunk,4,1.0,1.3,23,0.9426691729323309,0.05733082706766917,0.07535151380402594,0.0022108723171002653,0.00027524682329476134,0.004871644419582692,0.004701790825187957,0.0035038174325673576
shrunk,4,1.0,1.3,24,0.9448621553884712,0.05513784461152882,0.3527081839195619,0.00012997470313191872,-0.0017343978065101906,0.15093941855728987,0.0011393621803124088,-0.0004972229767628344
shrunk,4,1.0,1.3,25,0.943609022556391,0.05639097744360902,0.020435706698054907,0.0028843700414180606,0.0014655140985777248,0.003465637282890024,0.005098492153281287,0.004276563560838009
shrunk,4,1.0,1.3,26,0.9486215538847118,0.05137844611528822,0.10361127467531489,0.0008734578358426948,-0.0011074764173911622,0.07047954507332495,0.0014659511573598127,-0.0006706287881152129
shrunk,4,1.0,1.3,27,0.9323308270676691,0.06766917293233082,0.28954726789955193,0.0003319106193911958,-0.0012534272314364992,0.05917887153793372,0.0019064049709542896,0.0006739518763126728
shrunk,4,1.0,1.3,28,0.9470551378446115,0.05294486215538847,0.6660988455597925,-0.0004284225564442634,-0.0023414912187922467,0.22313821981734044,0.0010769846218208201,-0.00020504308800772808
shrunk,4,1.0,1.3,29,0.9445488721804511,0.05545112781954887,0.14079805805321083,0.0007780334776495978,-0.0009334594378454852,0.08760391630051995,0.001375577993014132,-0.00014259759471336731
shrunk,4,1.0,1.4,0,0.9367167919799498,0.06328320802005012,0.004446096958966804,0.004207864277637086,0.00275510212113913,0.00041424809751111575,0.006627344866135809,0.005841007458475611
shrunk,4,1.0,1.4,1,0.9357769423558897,0.06422305764411028,0.005430327944402405,0.0046900411621637605,0.0031317634644298376,0.0002015612524685109,0.007775984087640242,0.006564685468192677
shrunk,4,1.0,1.4,2,0.9423558897243107,0.05764411027568922,0.09971183989802387,0.0014070767573651777,-0.0007929857351952729,0.010092028224520112,0.003378452731007897,0.0008777503442801593
shrunk,4,1.0,1.4,3,0.9125939849624061,0.08740601503759399,0.08088578280856036,0.0011390203256663733,-0.000493860441095273,0.009899631976416764,0.002714606323229174,0.001603150263307418
shrunk,4,1.0,1.4,4,0.9282581453634086,0.07174185463659148,0.016423470549108036,0.003107659684778441,0.0016910030171659485,0.0020430325520261364,0.005300325471459866,0.004812081761454978
shrunk,4,1.0,1.4,5,0.9194862155388471,0.08051378446115288,0.0651292514881308,0.0018736666168072125,0.00024274708987199746,0.005509096931803104,0.004149167742172999,0.003013485621715495
shrunk,4,1.0,1.4,6,0.9326441102756893,0.06735588972431078,0.055263376898198574,0.001867779644948886,-0.00046140463661609177,0.0053337498794403726,0.004207977103505733,0.0020063217823069967
shrunk,4,1.0,1.4,7,0.9329573934837093,0.06704260651629072,0.01405687061891586,0.003246194703601879,0.001394557961954812,0.0012912373539510445,0.005569459063922144,0.004446079136677971
shrunk,4,1.0,1.4,8,0.9429824561403509,0.05701754385964912,0.027369395978487854,0.0030360278476913027,0.0014369250862087402,0.0023783213424638555,0.005105677143161236,0.0043730771452982434
shrunk,4,1.0,1.4,9,0.9411027568922306,0.05889724310776942,0.17135870595807542,0.001052271916808678,-0.0007573533010483246,0.02978126545470384,0.002792601001783246,0.0014633341671488331
shrunk,4,1.0,1.4,10,0.9241854636591479,0.07581453634085213,0.5324809970558231,-0.0005830317304965638,-0.0026685267362652975,0.3056359948107269,-3.777501126123184e-05,-0.0021590315398097525
shrunk,4,1.0,1.4,11,0.9279448621553885,0.07205513784461152,0.26017643574000554,7.849831508555116e-05,-0.0018324052325353502,0.059930468914943504,0.0015422901147449375,-0.00014538835406778804
shrunk,4,1.0,1.4,12,0.9191729323308271,0.08082706766917293,0.2975034340226626,0.0001434554749828454,-0.0011558176294368284,0.10753733168512088,0.0009971697469194352,-4.8785137073281695e-05
shrunk,4,1.0,1.4,13,0.9414160401002506,0.05858395989974937,0.043685014018112464,0.001901112972255481,-4.1527430365151384e-05,0.010569519256055173,0.003542479880893512,0.00166371480094325
shrunk,4,1.0,1.4,14,0.9420426065162907,0.05795739348370927,0.006772385629913009,0.004074232221213392,0.0024327577467002535,0.0030297157885295486,0.00561818308345885,0.004698693766395079
shrunk,4,1.0,1.4,15,0.9411027568922306,0.05889724310776942,0.6155541501097574,-0.0005422727533741512,-0.0032432135235285985,0.25923739950220587,0.0003638450279468408,-0.002432928381406163
shrunk,4,1.0,1.4,16,0.918233082706767,0.08176691729323309,0.000915773787614258,0.0056512082553845655,0.00476335047414056,8.516708956188388e-05,0.007820658947156778,0.007701078054718013
shrunk,4,1.0,1.4,17,0.9260651629072681,0.07393483709273183,0.010782551525523732,0.0036623861420884696,0.0022526764219698904,0.0010226677933389695,0.0061909029468650845,0.005397673602574182
shrunk,4,1.0,1.4,18,0.9367167919799498,0.06328320802005012,0.08235978658791855,0.0012761504570044657,-0.00043434123384799016,0.0025891438449104904,0.004021844667895458,0.002539305740708475
shrunk,4,1.0,1.4,19,0.9414160401002506,0.05858395989974937,0.10685571849771328,0.001350964810194366,-0.00020427837917265103,0.01082040468189496,0.0036626088530818945,0.0026156568875847054
shrunk,4,1.0,1.4,20,0.9454887218045113,0.05451127819548872,0.005454661944976001,0.0041440324416943675,0.0023341669459510995,0.0002798165177565103,0.00710294226985142,0.005788965548781199
shrunk,4,1.0,1.4,21,0.943295739348371,0.05670426065162907,0.08936487864518969,0.0013163536715848911,-4.442405172125907e-05,0.06544342620151936,0.0018951032966991743,0.0006919205506900616
shrunk,4,1.0,1.4,22,0.9517543859649122,0.04824561403508772,0.10599223033276811,0.0012714960667961073,-0.00024318581897057046,0.002582809932443629,0.004422319919849982,0.0032115122580682054
shrunk,4,1.0,1.4,23,0.9291979949874687,0.07080200501253132,0.05329471791859753,0.002048243252357418,0.0005091135361128929,0.0017397073989528253,0.0051642497314159375,0.004291389484867858
shrunk,4,1.0,1.4,24,0.9376566416040101,0.06234335839598997,0.28166049670282667,0.00024706927556661373,-0.001708741541568859,0.07114619751446531,0.0016646907327040328,-0.0003996410636540104
shrunk,4,1.0,1.4,25,0.9332706766917294,0.06672932330827068,0.02548485263635156,0.0025856795898405727,0.0012138826711296734,0.0018477461875387527,0.005312482386038209,0.004420413087775854
shrunk,4,1.0,1.4,26,0.9426691729323309,0.05733082706766917,0.28007485843011964,0.00029134346463133287,-0.0015778754685861318,0.13639333130035525,0.0009225098817249311,-0.000769729112172024
shrunk,4,1.0,1.4,27,0.918546365914787,0.08145363408521303,0.24069834194160183,0.000322036333883724,-0.0009997198559385633,0.16031138181839266,0.0008058866055176139,-0.00041776528662984536
shrunk,4,1.0,1.4,28,0.9392230576441103,0.06077694235588972,0.7278917026758083,-0.0007630363314998778,-0.002952680218776349,0.17831597463493287,0.0009807857230815786,-0.001030494944947191
shrunk,4,1.0,1.4,29,0.9360902255639098,0.06390977443609022,0.2106458276325854,6.834535601119018e-05,-0.0018514317199046948,0.08856463262928425,0.0008271927979918159,-0.0007488789099906468
shrunk,4,1.0,1.5,0,0.9176065162907269,0.08239348370927319,0.00011215325887210991,0.006999943736715641,0.005704510962025788,4.0008650933837e-05,0.008971175150872979,0.008792736599511441
shrunk,4,1.0,1.5,1,0.9307644110275689,0.06923558897243108,0.00792611750521028,0.003412268229737059,0.0019126877352609538,0.0008864245040241957,0.005654801795934694,0.004531515930844809
shrunk,4,1.0,1.5,2,0.925125313283208,0.07487468671679198,0.7483422817037346,-0.0008270082148840174,-0.002593100418152372,0.4507080641404956,-0.00016853475475886448,-0.001839998605105142
shrunk,4,1.0,1.5,3,0.9113408521303258,0.08865914786967419,0.41188257763016034,-0.00010478031952076972,-0.001701907502696276,0.12144074691693843,0.0012871675509872338,-0.0002553105124245891
shrunk,4,1.0,1.5,4,0.9229323308270677,0.07706766917293233,0.02154828368910617,0.003048799312132089,0.0017899011627017126,0.001925194452188496,0.005666333659907319,0.005093597642938786
shrunk,4,1.0,1.5,5,0.9116541353383458,0.08834586466165413,0.048597916528209925,0.001972468848019826,0.00047256708096681254,0.0036406720925301877,0.004264470035613033,0.003085805685823417
shrunk,4,1.0,1.5,6,0.9279448621553885,0.07205513784461152,0.04319595433722863,0.002823165150229512,0.0009273327443432344,0.006522487858746518,0.004871816511637372,0.00351643113732526
shrunk,4,1.0,1.5,7,0.9176065162907269,0.08239348370927319,0.05575267935526356,0.002256746331578019,0.0008330626591039891,0.004625238622086939,0.004595936158612868,0.003756058475898805
shrunk,4,1.0,1.5,8,0.9420426065162907,0.05795739348370927,0.06317173214938283,0.0016566360251908385,-6.542251137742205e-06,0.008284775783907263,0.0033211195420782547,0.0020975457999989344
shrunk,4,1.0,1.5,9,0.9351503759398496,0.06484962406015038,0.12580836952342642,0.0008465547523558437,-0.0007804568751265783,0.016854644770066988,0.0025451346913399897,0.0011800845767219181
shrunk,4,1.0,1.5,10,0.9295112781954887,0.07048872180451128,0.261748775404217,4.599399946891847e-05,-0.001851573940997342,0.04766592617812796,0.0012419337287018495,-0.0005910979569731855
shrunk,4,1.0,1.5,11,0.9238721804511278,0.07612781954887218,0.015903603426434702,0.0020345300057039717,0.00011796924850928647,0.003161925135996175,0.003802751009325922,0.002537531301862106
shrunk,4,1.0,1.5,12,0.9129072681704261,0.08709273182957393,0.8289315410801368,-0.0009792093688921755,-0.0028157960795408333,0.5464383858241177,-0.0002828163838942688,-0.0021181587914764766
shrunk,4,1.0,1.5,13,0.9354636591478697,0.06453634085213032,0.11521058083702675,0.0008781987639611133,-0.0008181155675112128,0.02726412315070803,0.0023784432608725536,0.0006406635536693073
shrunk,4,1.0,1.5,14,0.9338972431077694,0.06610275689223058,0.0592767806047877,0.0020505345506838246,0.00014600173938005278,0.01560756426067845,0.003704333516193148,0.0024169019770342247
shrunk,4,1.0,1.5,15,0.9229323308270677,0.07706766917293233,0.43341179099543725,-8.428326815546061e-05,-0.0018151498174148073,0.16824274201604442,0.0011423432221084884,-0.00010252010407841849
shrunk,4,1.0,1.5,16,0.918233082706767,0.08176691729323309,0.37822653608127876,7.240348434767174e-05,-0.0016426661451046432,0.03806616780605336,0.002697401529753285,0.001349866791718135
shrunk,4,1.0,1.5,17,0.9219924812030075,0.07800751879699248,0.016981341689247757,0.003126933491479522,0.0018075604984767123,0.0026127129566988756,0.004939987921533495,0.0042222747007572
shrunk,4,1.0,1.5,18,0.924812030075188,0.07518796992481203,0.2737730565898358,0.000504380270362148,-0.0010282450308178094,0.022006477992314526,0.002894988992263703,0.0016518957918841726
shrunk,4,1.0,1.5,19,0.9257518796992481,0.07424812030075188,0.052602746880415524,0.0027188453810759183,0.001009311289917314,0.008451584747337548,0.004570942200572081,0.0033384294418119962
shrunk,4,1.0,1.5,20,0.9282581453634086,0.07174185463659148,0.08526516502453439,0.001680059768127129,0.0001484215726307303,0.005176015642533361,0.004235532476040804,0.002962820328465032
shrunk,4,1.0,1.5,21,0.9329573934837093,0.06704260651629072,0.47393829809697785,-0.00014511446090326174,-0.0023706738366285674,0.28860791797006347,0.0007471331522198588,-0.0014269523933611028
shrunk,4,1.0,1.5,22,0.918233082706767,0.08176691729323309,0.5027365053954627,-0.00019845151868946864,-0.0017185108166521412,0.09409008259896734,0.0017107320164345685,0.000600007986762141
shrunk,4,1.0,1.5,23,0.9166666666666666,0.08333333333333333,0.011794083295893917,0.003198966336218856,0.0014168487920045436,0.0004773576552490977,0.006064999125787951,0.005176932909048826
shrunk,4,1.0,1.5,24,0.9038220551378446,0.09617794486215539,0.08681311560218147,0.0015318159752881755,0.0002292280952941428,0.013486187131243601,0.0032248638136559427,0.0020603401652516283
shrunk,4,1.0,1.5,25,0.9276315789473685,0.07236842105263158,0.1228331794211372,0.0011618353065051545,-0.0005525151131438921,0.012107565762978384,0.0034506443574280343,0.0018423172426834222
shrunk,4,1.0,1.5,26,0.9295112781954887,0.07048872180451128,0.0715165617383662,0.0007265196852580535,-0.0008206031885248155,0.0517360547191738,0.0012534945890130267,0.00013602897234101796
shrunk,4,1.0,1.5,27,0.924812030075188,0.07518796992481203,0.2208362935001232,0.0007700213479102658,-0.0014164607296428655,0.020514444787291197,0.0033996595748473357,0.0012358714390467874
shrunk,4,1.0,1.5,28,0.9338972431077694,0.06610275689223058,0.698588353347097,-0.0007599978060366386,-0.0028239732836714214,0.15457073929747217,0.0009016282551110866,-0.001142825403327763
shrunk,4,1.0,1.5,29,0.9119674185463659,0.08803258145363409,0.2548333090172288,0.0004071585219914686,-0.0012546909632513037,0.021938994855211596,0.0023693087047302885,0.0008669125343997109
shrunk,4,1.0,2.0,0,0.8809523809523809,0.11904761904761904,0.18089351223174763,0.0007481297156226585,-0.00066440462975621,0.047555095235205236,0.0024244193620287513,0.00048277431315331133
shrunk,4,1.0,2.0,1,0.8865914786967418,0.11340852130325814,0.2755824386310302,0.0007144383832086154,-0.0003772060736903393,0.09083187876078247,0.0019875786549645724,0.0013643533647195393
shrunk,4,1.0,2.0,2,0.9047619047619048,0.09523809523809523,0.36539662021388475,2.0594980341792635e-05,-0.002160635090204277,0.12041479272868685,0.001063197066154653,-0.0009752195977133394
shrunk,4,1.0,2.0,3,0.8787593984962406,0.1212406015037594,0.2840343139737532,0.0002826141858573994,-0.0008186629414348668,0.06117696339615077,0.001916701359244155,0.0007721962597127208
shrunk,4,1.0,2.0,4,0.8928571428571429,0.10714285714285714,0.11083320335137284,0.0010527467500721643,5.313715080311754e-05,0.006085874524272701,0.003708338848863235,0.0029389360403889175
shrunk,4,1.0,2.0,5,0.8743734335839599,0.12562656641604011,0.0585068918177662,0.0019498859289731607,0.000788259458423346,0.002235184637872158,0.0049705188001817335,0.0040400678477069294
shrunk,4,1.0,2.0,6,0.8903508771929824,0.10964912280701754,0.21799218074071372,0.0003466123878034244,-0.0005858976358586676,0.09418161862427797,0.0011812250991660722,2.079139734471047e-05
shrunk,4,1.0,2.0,7,0.8919172932330827,0.1080827067669173,0.5501847047039996,-0.00040202047591963996,-0.0016121439177089858,0.3178550919656048,0.0002983808191152626,-0.0010207974972630152
shrunk,4,1.0,2.0,8,0.8925438596491229,0.1074561403508772,0.6696978224579846,-0.0008296813269731418,-0.0028440848356319102,0.201853676779221,0.00024262987074497033,-0.0018407077136444738
shrunk,4,1.0,2.0,9,0.8984962406015038,0.10150375939849623,0.29658230998999696,0.0004092693654381696,-0.0012113660783406477,0.11934611170529089,0.0014979341383397626,0.0003058078917309359
shrunk,4,1.0,2.0,10,0.9035087719298246,0.09649122807017543,0.49155983581251583,-0.0005414351197322587,-0.0020041684601449727,0.24938886761307863,0.00012086197342064953,-0.0014574143012058727
shrunk,4,1.0,2.0,11,0.8966165413533834,0.10338345864661654,0.0334888729296025,0.0024700370039494324,0.0009328618187087412,0.002905730367285113,0.004828125654079529,0.0041169890233718085
shrunk,4,1.0,2.0,12,0.881578947368421,0.11842105263157894,0.2572092433443847,0.00032462816879397227,-0.0013527083188395017,0.012722799342208468,0.0028118181566897382,0.0013883532650789787
shrunk,4,1.0,2.0,13,0.8850250626566416,0.1149749373433584,0.36017666508412877,-9.872761525142604e-05,-0.0017227435044945504,0.20607157782263955,0.0006209726439255769,-0.0012607884831009387
shrunk,4,1.0,2.0,14,0.8843984962406015,0.1156015037593985,0.42989213548232463,-0.00022463099710878787,-0.001366808972898137,0.10437250562321886,0.00129744656657238,0.00039183039400449984
shrunk,4,1.0,2.0,15,0.8652882205513784,0.13471177944862156,0.22660497981549402,0.0005459251346581206,-0.001215836009656368,0.17315856837311858,0.0008785388098874192,-0.0010522617270621315
shrunk,4,1.0,2.0,16,0.8803258145363408,0.11967418546365914,0.01849690544304286,0.002891518271040394,0.001933456917266596,0.0018042558369482863,0.005395857599499787,0.004487074302793936
shrunk,4,1.0,2.0,17,0.8953634085213033,0.10463659147869674,0.46334365490218776,-0.0003257328780232882,-0.0016361160378208673,0.25423249389682834,0.00039020407252821077,-0.0010069983329141108
shrunk,4,1.0,2.0,18,0.8828320802005013,0.11716791979949874,0.12245574730845726,0.0005753330033506643,-0.00045623868747461936,0.042235457267148196,0.0014236385017647457,0.000394234112859293
shrunk,4,1.0,2.0,19,0.8890977443609023,0.11090225563909774,0.01914713123151683,0.0026394449413273957,0.0015512456632946537,0.0007631367533424047,0.005581725870401177,0.0051311021347352215
shrunk,4,1.0,2.0,20,0.8884711779448622,0.11152882205513784,0.13690173525863777,0.0007702042162394118,-0.00025488469836555395,0.04231372256542207,0.002054731243503194,0.001136910823019588
shrunk,4,1.0,2.0,21,0.9100877192982456,0.08991228070175439,0.4234080429438172,-9.99020617615809e-05,-0.0014325901972235488,0.10827776177415982,0.0015217903689217493,0.00017300484687094998
shrunk,4,1.0,2.0,22,0.8947368421052632,0.10526315789473684,0.028720065355637942,0.0021946130409660203,0.00040967188999432305,0.003168826205843402,0.004365914509550928,0.0029637185883858662
shrunk,4,1.0,2.0,23,0.8825187969924813,0.1174812030075188,0.9618836762163384,-0.00145146810468344,-0.002744746080803473,0.8799741154255855,-0.0012721828686393932,-0.002629993543707898
shrunk,4,1.0,2.0,24,0.8947368421052632,0.10526315789473684,0.8348676140707286,-0.0009161209390736724,-0.0043362284151461815,0.43483027481169145,0.0001622452335332536,-0.0034831276488264673
shrunk,4,1.0,2.0,25,0.8784461152882206,0.12155388471177944,0.021217778091798273,0.0022134232438087986,0.0008972115628581246,0.00160023516707192,0.0043705201622593615,0.003252400824405188
shrunk,4,1.0,2.0,26,0.8950501253132832,0.1049498746867168,0.2064930938273459,0.00041144890842004234,-0.000806047490850148,0.02092560899679858,0.0025454715684271045,0.0018815152127141133
shrunk,4,1.0,2.0,27,0.8850250626566416,0.1149749373433584,0.6484761517025641,-0.0007579197554332673,-0.0021563728064990183,0.1987860417349789,0.00027599892468532783,-0.0009996197711161891
shrunk,4,1.0,2.0,28,0.8900375939849624,0.1099624060150376,0.22756598784128548,0.0005113937568738125,-0.0010395805026580218,0.02329732060437787,0.0025310154716755573,0.0009789832686621703
shrunk,4,1.0,2.0,29,0.8756265664160401,0.1243734335839599,0.278387940031104,2.811794801116374e-05,-0.0015536835677945505,0.13381305028556686,0.0008499860661299596,-0.0009660208469126185
