rates,K,rho,m,pairs,xie_beni,noise_share,crisp,persist,core_p,core_dR2,core_dOOS,full_p,full_dR2,full_dOOS
shrunk,3,0.75,1.2,1361,0.6108448561251782,0.1946143267620894,0.6439859429825482,0.74,0.34822847972779497,0.0006212638254278202,-0.0010267946700019293,0.16170605184111442,0.0013838937431764897,-0.00012088867822447335
shrunk,4,0.75,1.2,1361,0.6811661945535133,0.1011683760517946,0.6947542818897556,0.7339449541284404,0.15142899745779592,0.0017109753778442593,-0.0005792303357375461,0.02738690736569184,0.0035657214914818214,0.0018448752601179397
shrunk,5,0.75,1.2,1361,1.1220910415105405,0.0900887304196444,0.660470027738776,0.5934426229508196,0.5748980767857684,-0.00034783688845063665,-0.0031532286041152102,0.4142401469287776,0.00015332610804486002,-0.002394524013384125
shrunk,6,0.75,1.2,1361,1.6131792120301478,0.0778860431667116,0.6537830162614384,0.5253164556962026,0.020986034899366658,0.004020200265898666,0.001197226257465034,0.006398825155242146,0.004924257894881823,0.002342698854529279
raw,3,0.75,1.2,1361,0.6155272741022629,0.1745861998214437,0.6676244780756202,0.7394167450611477,0.14596631266737828,0.0009556170484034121,-0.0004881959973112804,0.023037463649482715,0.002470558904368092,0.0015023247553820785
raw,4,0.75,1.2,1361,0.6474360988239605,0.1257590343933221,0.6932922088471707,0.6557659208261618,0.2929216265743907,0.000716987493804444,-0.0012678084218917696,0.038021426893020155,0.0032246772568865767,0.0016760481172162778
raw,5,0.75,1.2,1361,1.3956945934353642,0.0931562158529968,0.6803764460844249,0.566884176182708,0.4273027822082459,-0.00020934235267200396,-0.002522972348107377,0.12966664032236783,0.001155914748637521,-0.0012294076969707301
raw,6,0.75,1.2,1361,1.5223110351308402,0.074849385466265,0.6872902658702726,0.4600790513833992,0.9293359695401104,-0.0018227565544117752,-0.004205933933666306,0.7282614673294123,-0.0012970312749145396,-0.003930196241713102
shrunk,3,0.75,1.3,1361,0.5792999606637197,0.2010987275863045,0.5264650473336652,0.7704130643611912,0.11980847284100328,0.0017261557377927783,-7.767717083029258e-06,0.040773821400301835,0.0028168391458354147,0.001643969470827089
shrunk,4,0.75,1.3,1361,0.7355736971499179,0.1361525105752755,0.5258384688050677,0.718804920913884,0.046048875946526735,0.0021515988653737494,0.0005370903801340199,0.001655281925548019,0.004852918934353023,0.003811105613381949
shrunk,5,0.75,1.3,1361,0.9436866564420608,0.1034742144037844,0.5364398351706002,0.5767946577629383,0.31539478905573054,0.0007708423763234107,-0.001697703079172086,0.13823535686137356,0.0018545502098610278,-0.0010186720686589878
shrunk,6,0.75,1.3,1361,1.2930281822102336,0.0844049328115855,0.4858611753435722,0.5112359550561798,0.028545149486386777,0.0030658336531835806,-0.0005427569918067587,0.005082285052637568,0.0051721663962506215,0.0017721490081565206
raw,3,0.75,1.3,1361,0.6718215102032906,0.1810553067376873,0.5425439059178443,0.7568331762488218,0.15394536358627278,0.0011053561941379852,-0.00032340950051586994,0.018183162658479038,0.0029717564170457234,0.0022623816935822827
raw,4,0.75,1.3,1361,0.7034361964499014,0.127953080768403,0.5732772570045095,0.6227390180878553,0.2973803016048939,0.0007664464367423962,-0.0016111523778118753,0.022811726733264252,0.003894647475703783,0.0022270801514598037
raw,5,0.75,1.3,1361,1.2107287755236675,0.1081306379483123,0.5257411732366923,0.5493775933609959,0.12352932969463194,0.0015679962874433073,-0.0008325911392570884,0.01034428402289348,0.003799487144301561,0.0017986214521858112
raw,6,0.75,1.3,1361,1.4811555810451762,0.0852809666714127,0.5092621471729019,0.523538961038961,0.2207635428773054,0.0010798732677959055,-0.0019936180078310326,0.02995405193815362,0.0036619791827574577,0.0007977871708740647
shrunk,3,0.75,1.4,1361,0.5223669881982018,0.1997966442529712,0.4196944078983196,0.7352657004830918,0.12502305093054794,0.001419012867556746,-0.00014804069842321298,0.0347617513461667,0.0026992153650144957,0.001849039312715739
shrunk,4,0.75,1.4,1361,0.6721435865838866,0.1544580773856643,0.3908051356087315,0.6797088262056415,0.7315548027464851,-0.0008728478404700368,-0.002388765949900673,0.21180792329148712,0.0005676202187490098,-0.0006784175682232774
shrunk,5,0.75,1.4,1361,0.9924653849464238,0.104614374040655,0.3896947916334478,0.5701091519731318,0.5104640182166876,-0.0003388614544177493,-0.0021615057361597857,0.21795816545025265,0.0009550836573513077,-0.0007976629907226806
shrunk,6,0.75,1.4,1361,1.6146919412398533,0.0966354813416948,0.3419794260359416,0.4971428571428571,0.04498482842006667,0.0029003603670856304,0.0006609030203142408,0.019399116856921767,0.0041280425897849415,0.0020942310759142213
raw,3,0.75,1.4,1361,0.6796280495990681,0.186276369594114,0.4396858596204372,0.7351816443594646,0.026143395768105596,0.0026364078200309393,0.0014067673148831395,0.0012537644588107705,0.005415109591008549,0.004878728088256623
raw,4,0.75,1.4,1361,0.9001817679624605,0.131122464965706,0.4594046083443323,0.606401384083045,0.3324742008388483,0.0006282749697222867,-0.001302222572736611,0.018839031741046095,0.0038287486167459805,0.0027064891533564394
raw,5,0.75,1.4,1361,0.9354449694478596,0.1149290233551871,0.4160571782562268,0.5409282700421941,0.026065377685462715,0.0025054147767837875,0.0006899949463327725,0.0018472654466032811,0.004622160584851098,0.0031750084197108563
raw,6,0.75,1.4,1361,1.1417930476504168,0.0800187356213858,0.3873316020082812,0.5816,0.016357740703296948,0.0037525334641019814,0.0010333112275547006,8.494154648615338e-05,0.008302232421063871,0.006073568776282889
shrunk,3,0.75,1.5,1361,0.6622825382789869,0.2130989776395478,0.3187912158266495,0.7079207920792079,0.02628472251477389,0.002592660183846962,0.0013109006518883582,0.0028466976390944683,0.004786215488067458,0.0040919518982651115
shrunk,4,0.75,1.5,1361,0.664228650595391,0.1480507350533721,0.3097432442023328,0.6882882882882883,0.03182782545262315,0.0028421098538730094,0.0013780122006118445,0.000971484593159899,0.00586286652680823,0.005398870962532431
shrunk,5,0.75,1.5,1361,0.8643941198653069,0.1165712773090322,0.2948408613660998,0.6512425021422451,0.11740765193616064,0.0016880840614191817,-0.0005429687784060611,0.006669104300870922,0.00454305993845594,0.0028730452178406863
shrunk,6,0.75,1.5,1361,1.0605309733500785,0.1007214646412727,0.2402578374898495,0.5464344941956882,0.05579970184073949,0.002472184567514857,0.000355217533573593,0.010630618299481642,0.004757926946425073,0.0028464959518917144
raw,3,0.75,1.5,1361,0.6596678074451701,0.188229494594114,0.3288533279021122,0.6657088122605364,0.06579884842324973,0.0014430481513905136,0.000524491784833192,0.01286406880092359,0.002677000466075108,0.0022023595971608747
raw,4,0.75,1.5,1361,0.6732455536488537,0.1357989710975301,0.3522843740562271,0.6500437445319335,0.3705516192047157,0.00035099251545711585,-0.0015604767689598397,0.040693198131939876,0.0025858612636397993,0.001161308401318173
raw,5,0.75,1.5,1361,1.1163027726609271,0.119414509989015,0.301620463302623,0.5870689655172414,0.01816175954279769,0.0029371933260418093,0.0009907817291664235,0.001869456842579199,0.004782256888456793,0.0030787704216235336
raw,6,0.75,1.5,1361,1.058215610603808,0.0830867906544405,0.2672522065209273,0.5512510088781275,0.09233006959329519,0.0017241206234112072,-0.002317552083922114,0.002148850265631358,0.004864452391592611,0.0010086185455650987
shrunk,3,0.75,2.0,1361,0.4830531023718928,0.2329720012983578,0.0281555059270349,0.6545265348595213,0.055916021436092936,0.0012589514088112708,0.0007335328883224523,0.018371451921081684,0.0023627134420350915,0.0019029924331996685
shrunk,4,0.75,2.0,1361,0.5207415390754963,0.1917204313902369,0.0427686319480219,0.564176245210728,0.04575932123631957,0.0014865654416899021,0.0004961099495745414,0.04980183099809343,0.0017715648307685683,0.0009384344123588128
shrunk,5,0.75,2.0,1361,0.5915532148412509,0.1557594206881197,0.0314365645481489,0.5286624203821656,0.19583650606782355,0.00048730390633000553,-0.0014205927513616379,0.06806355441516436,0.0016771705646042578,-0.00037544276648161513
shrunk,6,0.75,2.0,1361,0.5853912877467246,0.1191250059744818,0.031397530408218,0.5526992287917738,0.051924652963696846,0.002869669086952742,0.00022657989288364931,0.01046473432300976,0.004895464470479172,0.0020686047863591297
raw,3,0.75,2.0,1361,1.0700468202686473,0.2080066725346196,0.0621545829476948,0.6370808678500987,0.6150559813667054,-0.0004779890920452168,-0.0018202700948892314,0.44510768326090455,-0.00017031299973380154,-0.0013315910615261273
raw,4,0.75,2.0,1361,0.5644055334842167,0.1917897470214225,0.0402540934387505,0.5574712643678161,0.7933373729977568,-0.0010357765108655048,-0.0022216260110159646,0.5602756541022615,-0.0006531126637729923,-0.001572048902448886
raw,5,0.75,2.0,1361,0.5239580372148531,0.1732193869406872,0.0372381347139918,0.4820276497695852,0.9298569442074867,-0.001598487156993622,-0.004007229638296239,0.7937937151787869,-0.0012444664217096113,-0.0037450415715363115
raw,6,0.75,2.0,1361,0.8550459389772322,0.153842127321644,0.0237502592708245,0.4636363636363636,0.25423823687466746,0.0014011212408850948,-0.0014488916161919164,0.13808605476930685,0.002299960530633971,-0.0004428388671782746
shrunk,3,1.0,1.2,1361,0.6730947393509192,0.1034466493198369,0.7343331834064662,0.7516556291390728,0.6123054973646673,-0.0002690555829055752,-0.0019395211593542295,0.36546141238192614,0.0003592804361675084,-0.001219811602933818
shrunk,4,1.0,1.2,1361,0.8938516892511893,0.0481138842597315,0.7637627182347029,0.7114803625377644,0.29205290752753216,0.0008504590360020048,-0.0021563201112322016,0.10245160269097008,0.0017874180075568846,-0.0007049162451889135
shrunk,5,1.0,1.2,1361,1.3373324978853125,0.0371237319097979,0.7078851634152259,0.5553080920564217,0.6080310554100158,-0.0006387552216039483,-0.00298308028172789,0.7394394208096453,-0.0009938927116485141,-0.0033123167268112263
shrunk,6,1.0,1.2,1361,1.736841480833486,0.0354127940666159,0.6903997578282326,0.5746102449888641,0.051762590883511296,0.002193373588565417,6.540970498203346e-06,0.004748739892444228,0.004104918047307504,0.0015143385796844821
raw,3,1.0,1.2,1361,0.7243567938385518,0.0931377779649957,0.7506758435006652,0.7797716150081566,0.014408674696655065,0.003953607869507825,0.0027341065062601476,0.0009211580047637174,0.0072164590114950355,0.006788688587481495
raw,4,1.0,1.2,1361,0.9380034709698952,0.0608901332723037,0.7452132222441056,0.6383141762452107,0.0475070379842346,0.0026938907015024993,0.0003817796756040881,0.012426258133745958,0.004078008092565755,0.002036027161471432
raw,5,1.0,1.2,1361,1.4190934858066406,0.0450155902300298,0.7323561812602776,0.6105733432613552,0.3954331834254489,-0.00018976222922928443,-0.0022768353130417918,0.16523795679186234,0.0007443674564306946,-0.0018956103650875744
raw,6,1.0,1.2,1361,1.6405520384774508,0.0301152773809998,0.729791784530411,0.5616338439095551,0.4476897149462695,7.633933714956687e-05,-0.0022161155430219905,0.20164461882056384,0.0013136515820957317,-0.000996888291709097
shrunk,3,1.0,1.3,1361,0.8176344556501092,0.1046423698324001,0.631940038754963,0.7192691029900332,0.26562697728886614,0.00041123990567215607,-0.0009151754157916692,0.05276822806433552,0.0016639565714389182,0.00043497276790692706
shrunk,4,1.0,1.3,1361,0.7194659730571253,0.0533595604495624,0.631700822416578,0.7496194824961948,0.026942066304500745,0.0033744904756732863,0.0013305576609816017,0.0021811510742863896,0.005621526242527097,0.004337670165232932
shrunk,5,1.0,1.3,1361,1.3536844741447789,0.04381139844382,0.5537891668037294,0.5313207547169811,0.4275603954459889,-1.9954020856749466e-05,-0.0015663713093757802,0.5222267475589324,-0.00022352818144499853,-0.002118540957074577
shrunk,6,1.0,1.3,1361,1.237704365537859,0.0337208576162923,0.5547238742110133,0.5308823529411765,0.6535265655474494,-0.0005471180656366759,-0.003830395757699434,0.42686055829582803,1.0872220792434995e-05,-0.003222821443445967
raw,3,1.0,1.3,1361,0.6247172267745567,0.0918266908748237,0.6616101646760502,0.7931873479318735,0.05425755809649411,0.0026916055288340734,0.0013851847876823254,0.0032814695375235976,0.005849432042148606,0.005253821247941904
raw,4,1.0,1.3,1361,0.8219087204947604,0.0536043975145302,0.6374862991105161,0.7293404094010614,0.03445894754896499,0.003135460734758566,0.0007486539135294845,0.0023336905167128884,0.005911048181527434,0.004314974612836064
raw,5,1.0,1.3,1361,1.3311124990999097,0.0553521238717159,0.5466629046950544,0.6044039483675019,0.06778785595477584,0.002204233357519292,0.0003198263434567528,0.0021849712389141827,0.005012765719661694,0.0032757919369572398
raw,6,1.0,1.3,1361,1.6388682541378428,0.0332264771072993,0.5408816738380655,0.5796038151137197,0.18170365178838754,0.0016795111519808392,-0.0012245806848945717,0.03467266803933726,0.0037687398156290852,0.000996778846112445
shrunk,3,1.0,1.4,1361,0.6846097749554987,0.1101196837431414,0.5117235930066528,0.7493692178301093,0.3260227085391989,0.0003065967839140926,-0.0010005389137533126,0.06854668971041497,0.0016682944162729196,0.0006896250705594742
shrunk,4,1.0,1.4,1361,0.6605491560267049,0.0629401223703768,0.4939081112316891,0.7016317016317016,0.00445038130360834,0.004207179944442974,0.002754393253230747,0.00041490076543781925,0.006626255196623965,0.005840197147830961
shrunk,5,1.0,1.4,1361,1.0502115594027468,0.0453345891076318,0.4249765191385189,0.5347432024169184,0.9509900243100657,-0.0016216778456041858,-0.003485344996756945,0.7879978963007421,-0.0011037815926007166,-0.002864951105415614
shrunk,6,1.0,1.4,1361,1.400174793239969,0.0415904123478742,0.3614532027378947,0.5256410256410257,0.3491730335022598,-0.00022250718841410055,-0.002503928647150966,0.2487389746335641,0.0005939541579610408,-0.002129542544302865
raw,3,1.0,1.4,1361,0.631233668540521,0.0981882830155007,0.5395092193206013,0.7784184514003295,0.05264273975748195,0.00264639109977427,0.0015238401292938298,0.0017391966867909916,0.006573890340800026,0.0062414451073792955
raw,4,1.0,1.4,1361,0.9346928003620087,0.0547426280491945,0.5259856910429371,0.7110438729198184,0.34660459973563446,0.0005560326778810687,-0.0013385306016113097,0.04282498107792535,0.003082711043797648,0.001829403956795883
raw,5,1.0,1.4,1361,1.2275937669854624,0.0521548872179725,0.4367074230650206,0.5861027190332326,0.5109957635331727,-0.0003436552575852847,-0.0024903156852562392,0.1564220818319167,0.0008447047685963271,-0.0014550498570788384
raw,6,1.0,1.4,1361,1.4953057987233036,0.0354052755009472,0.4012109971099339,0.5626843657817109,0.020752386701028365,0.0035051437841630007,0.0007555271783812433,0.00027164144400113055,0.007712968865415726,0.005431014071619567
shrunk,3,1.0,1.5,1361,0.7999310321418498,0.1218199330160953,0.3828567045211492,0.7134302822925578,0.33784440170425306,1.9218515296293148e-05,-0.0014081798990564164,0.0713004315911865,0.001295856066119705,-0.00017239489103443306
shrunk,4,1.0,1.5,1361,0.7492005976095505,0.0726273086153568,0.3675299380474113,0.6722354813046937,0.0010411147363174472,0.00523795012295547,0.004091156574912591,8.798683242715236e-05,0.007534983301627607,0.007233127552607199
shrunk,5,1.0,1.5,1361,1.162742108824359,0.0503168239310074,0.3056691890433519,0.5692425401683244,0.6881133416804281,-0.0008522066222760305,-0.0028161363113601732,0.14579203882873124,0.0011878079440162947,-0.0007010710897123573
shrunk,6,1.0,1.5,1361,1.4126507295295818,0.0475261362255887,0.2539562868624616,0.5650190114068441,0.09568276278387153,0.0018152978580250334,-0.0008157252122500847,0.01771366939986086,0.003860376267102894,0.0012661536281177942
raw,3,1.0,1.5,1361,0.5746311197231226,0.0981882830155007,0.4430675894228006,0.7784184514003295,0.07359639913867698,0.002241789466871813,0.0010461549243960476,0.0021979801233233858,0.0061316509100806105,0.0056399705064239525
raw,4,1.0,1.5,1361,0.8479520956718722,0.063758097186383,0.388297749596468,0.6867749419953596,0.18252508947272,0.0011485969539728469,-0.0010792118364153058,0.02436378858457925,0.0033316900797933924,0.0013930188583031744
raw,5,1.0,1.5,1361,1.3377813176286109,0.0582816266394385,0.3038714344242282,0.559025133282559,0.5904220475575445,-0.00043873377215197795,-0.0029534848989837383,0.17029391229846016,0.0008847128676766625,-0.001944031185129469
raw,6,1.0,1.5,1361,1.2296995549071554,0.0390746906404615,0.270329913118505,0.5443037974683544,0.029278441435649182,0.0026383113259174085,-0.0013136018316506793,0.0014000578064097466,0.005387296544729248,0.0017012492238945743
shrunk,3,1.0,2.0,1361,0.6458569456464321,0.144677667091814,0.0579491940571396,0.6196428571428572,0.33985669253604534,-8.996995010468467e-05,-0.0009134265985851431,0.11856812681538276,0.0009769926957388098,0.00028624209544607647
shrunk,4,1.0,2.0,1361,0.6324517839517738,0.1196112508090432,0.0422379996555094,0.5416309012875536,0.047932287554629235,0.0021718840257989314,0.0005570701028661973,0.011447545887738206,0.004308388939789798,0.002530185928158857
shrunk,5,1.0,2.0,1361,0.6540194978831704,0.0889762561005496,0.0351885846414588,0.5110384300899428,0.18878247436131043,0.000516564333059133,-0.0014065505129719047,0.062489564537046315,0.001732173667194692,-0.0003601371456705471
shrunk,6,1.0,2.0,1361,0.6679274333720029,0.0590180393912717,0.034564126079188,0.5272585669781932,0.062452698999391466,0.0028509650916195284,0.00019077266497239398,0.010897441171338259,0.00511919616124068,0.002475169199862981
raw,3,1.0,2.0,1361,1.1222714530553026,0.1269341694247255,0.0745954121472433,0.6412671232876712,0.43927523316768025,-0.00011029816039087592,-0.0009552074660125088,0.24216949758164064,0.00039804450893510257,-0.00017865546691288038
raw,4,1.0,2.0,1361,1.198362912516134,0.1130217707403636,0.0401482156344087,0.4962406015037593,0.7226230581779616,-0.0008261424267501649,-0.0029026961874181302,0.6736332221012539,-0.0007488428774339306,-0.002618017281758378
raw,5,1.0,2.0,1361,1.038557999506151,0.0943356808818873,0.0368996409293897,0.4736842105263157,0.7517152039788966,-0.0011258058219300038,-0.0022084913563321317,0.5193726452398758,-0.0006810804782297897,-0.0018985672171666467
raw,6,1.0,2.0,1361,0.9491243260488462,0.0882256863080984,0.0237243582608056,0.4491114701130856,0.10951122060494567,0.0018315266128543506,-0.0006142579288837991,0.049669086812612964,0.0026510980636011983,0.00016621797578697528
shrunk,3,1.5,1.2,1361,0.7599160183114175,0.023193171249214,0.8319407467628959,0.76410998552822,0.6371076665377988,-0.00041871743426258323,-0.0019101672903646728,0.649013771887258,-0.0003963498043463298,-0.0019429003621722284
shrunk,4,1.5,1.2,1361,0.8029787589110686,0.0130699311917803,0.804757459494115,0.7257142857142858,0.01022071170104855,0.004695055029811934,0.0017864329774121336,0.0029842297937145057,0.006065870254369665,0.0038818695907121724
shrunk,5,1.5,1.2,1361,1.4848516231920974,0.0112393834176255,0.7424834713585281,0.5380782918149466,0.8117423699710654,-0.001221195734664171,-0.003113878620493704,0.8935410888363388,-0.00144939639333308,-0.003326878595965077
shrunk,6,1.5,1.2,1361,1.5443352050933128,0.0084184618683331,0.715040662384208,0.5671852899575672,0.3509009781764959,0.00040488405186311915,-0.0017325754193823872,0.10724817801295249,0.0016592123108247758,-0.0006507561553328767
raw,3,1.5,1.2,1361,0.7243407768127836,0.0264448021730733,0.8505568100759997,0.8037928519328957,0.023340244734659604,0.003714831009978381,0.0018731491966307967,0.005626730492158415,0.005793704008460909,0.0044170950687690835
raw,4,1.5,1.2,1361,0.9112912668606388,0.0159025497621878,0.8091882973399364,0.7006414825374199,0.020829884895503428,0.00477543531879665,0.002795534053032833,0.0022799810334261017,0.007650272616102294,0.006758674460971581
raw,5,1.5,1.2,1361,1.671116813153847,0.0130738512471435,0.7460760194920562,0.5937277263007841,0.12040759880223807,0.0011984882587533496,-0.0003599917532625785,0.05093219301079008,0.0023040998259262757,0.0005372208461123407
raw,6,1.5,1.2,1361,1.4841090227604965,0.0090237676314378,0.7450450636927112,0.5642655367231638,0.4173377087157988,0.00011704360135988967,-0.0023924250021727933,0.24166535469305822,0.0008673988313800951,-0.0014622032125396589
shrunk,3,1.5,1.3,1361,0.767443831804231,0.0270828973490448,0.712489817477258,0.7724288840262582,0.7650014140047576,-0.000716102365572846,-0.0020779373922737874,0.4562031767632594,2.5798253629916168e-05,-0.0009633589665027697
shrunk,4,1.5,1.3,1361,0.8097040745500205,0.0146740058135453,0.6751364760473728,0.7323340471092077,0.0986620858471109,0.001893749931376032,-0.000508115861038927,0.013718335927513542,0.0037495551415223094,0.0017370838748888783
shrunk,5,1.5,1.3,1361,1.2554563813117523,0.0115582446184664,0.599040183937424,0.5245551601423487,0.998225304435796,-0.0019512380936337337,-0.0035050895120570134,0.9968164546827655,-0.001985975438619225,-0.003971167574384394
shrunk,6,1.5,1.3,1361,2.4418096123514093,0.0096761630160307,0.5424109685356309,0.5344215755855216,0.23291399529863802,0.0012836056554684783,-0.002158644070749971,0.09707251339054342,0.0021031597338692087,-0.00147855049005573
raw,3,1.5,1.3,1361,0.7501286012210773,0.0276613471852387,0.7389070040397299,0.7935578330893118,0.07535638487719723,0.002006844668677843,0.0007621918547759176,0.01316570303752724,0.004171023741712743,0.003170175154750976
raw,4,1.5,1.3,1361,1.1775605914997445,0.0184330790764144,0.6739629794310353,0.6988555078683834,0.08589803133116644,0.002773309293125359,0.0007178327411978657,0.008696807923360807,0.005925980359815286,0.004457320606676041
raw,5,1.5,1.3,1361,1.372588217452366,0.0112359110986879,0.6111923136566604,0.5904558404558404,0.3412451900615188,0.00037088949487829037,-0.0014386380649064722,0.13130973473101515,0.0015592722665526138,-0.00021811322770048935
raw,6,1.5,1.3,1361,1.6723072453612136,0.0102673546689819,0.5702855447127393,0.5682944090587403,0.1400576998560169,0.001720758506188802,-0.0015142581074550799,0.0427957738451473,0.0034349542859937188,5.196186949228965e-05
shrunk,3,1.5,1.4,1361,0.9782373606921416,0.0455773544531792,0.5701057500306095,0.7167543200601052,0.25844949948223434,0.00028539832254725894,-0.0007984549349618786,0.042651622101702265,0.0016903643609250674,0.0004083938551980415
shrunk,4,1.5,1.4,1361,0.8695849679538588,0.0183858249147636,0.5493675574964482,0.7213822894168467,0.046435863881637736,0.002589126874924519,0.00017780817620842714,0.0012256753861012533,0.0057471177812382646,0.003095256639976751
shrunk,5,1.5,1.4,1361,1.410322080206112,0.0146976782541628,0.4450507288555572,0.5340990667623834,0.9670627176604498,-0.0016869967208588132,-0.0036596857972650333,0.9889007040194028,-0.001789938965590987,-0.0041267101124901505
shrunk,6,1.5,1.4,1361,1.2367072948882014,0.0099477414159209,0.403557157301083,0.5259417199715707,0.13826383649171856,0.001246794278969121,-0.001635801564293171,0.09251438331553867,0.001815032326169641,-0.0006279386880860827
raw,3,1.5,1.4,1361,0.6537311381974802,0.0302996980504634,0.6406798852281145,0.7963235294117647,0.013877269239497359,0.0037724168476179765,0.0024585146548154802,0.00042077729531878006,0.007896387948217565,0.007157379316954149
raw,4,1.5,1.4,1361,0.9944639541985266,0.0184766082804511,0.5539114360750821,0.728448275862069,0.03574058159078342,0.0038276288000445025,0.0019301682368599638,0.002163094418872474,0.0073134245511161655,0.006265031385990605
raw,5,1.5,1.4,1361,1.4648934114860477,0.0128819839190595,0.4660515511712153,0.6035714285714285,0.18462235542917996,0.0010813204855832925,-0.0010235725482517944,0.036591688140417515,0.002702938497091245,0.0004430999837603644
raw,6,1.5,1.4,1361,1.7248952055461002,0.0097006705060616,0.4183013874343997,0.5723404255319149,0.1132577967221797,0.002184812474956388,-0.0006869192039622996,0.005609219300845812,0.005435755731830083,0.002571467507269909
shrunk,3,1.5,1.5,1361,0.8494776407313308,0.0392985767590622,0.4558226036660225,0.7345724907063197,0.25498695956059003,0.0003769483006194063,-0.0008216755236864937,0.02744024444918128,0.0022647092507221966,0.001046409580199781
shrunk,4,1.5,1.5,1361,0.7103939739181151,0.0190143602772358,0.4201281390769187,0.6994219653179191,0.01155527686285536,0.0033946624849369167,0.001809253874588479,0.0007161147424041287,0.005996101386450237,0.00517254995646409
shrunk,5,1.5,1.5,1361,1.3803376349564354,0.0143964734348857,0.3277404690858714,0.5541995692749462,0.28077186903506773,0.0004436338759143954,-0.0017213528513037812,0.04460875129839976,0.0025426543572478755,0.00036669191420447557
shrunk,6,1.5,1.5,1361,1.1324728703942109,0.0133773105373276,0.3000612168219759,0.5464949928469242,0.29874779789677813,0.000356326059199108,-0.002522657033837694,0.05063676284168766,0.0027797150310981955,0.000650003740161198
raw,3,1.5,1.5,1361,0.6387396736418602,0.0312165684661113,0.518372919297784,0.7879234167893961,0.029975259497052462,0.0029473132057558082,0.0017574834993324463,0.0007707543431265057,0.0071173695121967695,0.006548042681958721
raw,4,1.5,1.5,1361,0.9457353702278536,0.0262942719477393,0.4238653836832867,0.7381126554498902,0.005006908781635047,0.004612420529075734,0.003177336060174285,0.0004743937453497202,0.0071242172165804085,0.006009895414411592
raw,5,1.5,1.5,1361,1.3697264322476117,0.0144168817881966,0.3462122986752983,0.5896700143472023,0.3351813706525225,0.0003428458894074726,-0.0013570459433194237,0.04806263572185639,0.002378898762344095,0.000862387632610806
raw,6,1.5,1.5,1361,1.329164465389002,0.0143585557695463,0.2957677000525094,0.5607142857142857,0.0259235123873541,0.0028988236927171007,-0.00019000946238100224,0.0004263506839919299,0.006663814916823441,0.003926540769899322
shrunk,3,1.5,2.0,1361,0.682139000042441,0.0605317442044829,0.0655021929359534,0.6607142857142857,0.03296977999729052,0.002091120743230479,0.0014372951970546,0.010295853876228086,0.0036482689370532784,0.0030717176610189243
shrunk,4,1.5,2.0,1361,0.7080289591473148,0.0494485779547061,0.047368951102308,0.5471841704718418,0.03308915906692313,0.001739234359526609,0.0008362071949504002,0.0034064613658257377,0.0037590509607875466,0.003071681191289011
shrunk,5,1.5,2.0,1361,0.7459849427346174,0.027863950899903,0.0563103470237982,0.5254237288135594,0.012038988895155773,0.003153101535911418,0.0012815956080172275,0.001574144825609291,0.004909877918898853,0.0030918264836476304
shrunk,6,1.5,2.0,1361,0.7016023291438014,0.0240481057653896,0.0361627260112419,0.547514619883041,0.14114275255006836,0.0012770738871539233,-0.0006691490043062798,0.033546887789922604,0.0034785419040183063,0.0018105133698013698
raw,3,1.5,2.0,1361,0.851115156056453,0.0479564099617174,0.068450255121631,0.6515495086923658,0.13114013720023843,0.0010141920031178087,6.344449370413452e-05,0.030617485549258687,0.0022422737496041734,0.0015780576553194425
raw,4,1.5,2.0,1361,1.398344472311284,0.0394695175189446,0.064515007643957,0.608955223880597,0.4721639944062993,-0.00024889321532950426,-0.001409600909952613,0.16042262067485602,0.0008214510980987244,-0.00047345105020122345
raw,5,1.5,2.0,1361,1.1305339967366863,0.0389031172940997,0.044562965655997,0.4854151084517576,0.2638250416190473,0.0001238253542393819,-0.001279378930151276,0.19493865104184008,0.0005699528132352416,-0.0012030557526545582
raw,6,1.5,2.0,1361,0.9087671351281932,0.0364610795830583,0.0387893149987612,0.4888724035608308,0.03896912511976487,0.001019556452261705,-0.0002784131870097184,0.0086089087960639,0.0019775467339034902,0.0005941350326050699
