rates,K,rho,m,pairs,xie_beni,noise_share,crisp,persist,core_p,core_dR2,core_dOOS,full_p,full_dR2,full_dOOS,aligned_ok,n_inconsistent_pairs
shrunk,3,0.75,1.2,1361,0.6108448561251782,0.1946143267620894,0.6439859429825482,0.74,0.3482284797277949,0.0006212638254278,-0.0010267946700019,0.1617060518411144,0.0013838937431764,-0.0001208886782244,True,0
shrunk,4,0.75,1.2,1361,0.6811661945535133,0.1011683760517946,0.6947542818897556,0.7339449541284404,0.1514289974577959,0.0017109753778442,-0.0005792303357375,0.0273869073656918,0.0035657214914818,0.0018448752601179,True,0
shrunk,5,0.75,1.2,1361,1.1220910415105405,0.0900887304196444,0.660470027738776,0.5934426229508196,0.5748980767857684,-0.0003478368884506,-0.0031532286041152,0.4142401469287776,0.0001533261080448,-0.0023945240133841,True,0
shrunk,6,0.75,1.2,1361,1.6131792120301478,0.0778860431667116,0.6537830162614384,0.5253164556962026,0.0209860348993666,0.0040202002658986,0.001197226257465,0.0063988251552421,0.0049242578948818,0.0023426988545292,True,0
raw,3,0.75,1.2,1361,0.6155272741022629,0.1745861998214437,0.6676244780756202,0.7394167450611477,0.1459663126673782,0.0009556170484034,-0.0004881959973112,0.0230374636494827,0.002470558904368,0.001502324755382,True,0
raw,4,0.75,1.2,1361,0.6474360988239605,0.1257590343933221,0.6932922088471707,0.6557659208261618,0.2929216265743907,0.0007169874938044,-0.0012678084218917,0.0380214268930201,0.0032246772568865,0.0016760481172162,True,0
raw,5,0.75,1.2,1361,1.3956945934353642,0.0931562158529968,0.6803764460844249,0.566884176182708,0.4273027822082459,-0.000209342352672,-0.0025229723481073,0.1296666403223678,0.0011559147486375,-0.0012294076969707,True,0
raw,6,0.75,1.2,1361,1.5223110351308402,0.074849385466265,0.6872902658702726,0.4600790513833992,0.9293359695401104,-0.0018227565544117,-0.0042059339336663,0.7282614673294123,-0.0012970312749145,-0.0039301962417131,True,0
shrunk,3,0.75,1.3,1361,0.5792999606637197,0.2010987275863045,0.5264650473336652,0.7704130643611912,0.1198084728410032,0.0017261557377927,-7.767717083029258e-06,0.0407738214003018,0.0028168391458354,0.001643969470827,True,0
shrunk,4,0.75,1.3,1361,0.7355736971499179,0.1361525105752755,0.5258384688050677,0.718804920913884,0.0460488759465267,0.0021515988653737,0.000537090380134,0.001655281925548,0.004852918934353,0.0038111056133819,True,0
shrunk,5,0.75,1.3,1361,0.9436866564420608,0.1034742144037844,0.5364398351706002,0.5767946577629383,0.3153947890557305,0.0007708423763234,-0.001697703079172,0.1382353568613735,0.001854550209861,-0.0010186720686589,True,0
shrunk,6,0.75,1.3,1361,1.2930281822102336,0.0844049328115855,0.4858611753435722,0.5112359550561798,0.0285451494863867,0.0030658336531835,-0.0005427569918067,0.0050822850526375,0.0051721663962506,0.0017721490081565,True,0
raw,3,0.75,1.3,1361,0.6718215102032906,0.1810553067376873,0.5425439059178443,0.7568331762488218,0.1539453635862727,0.0011053561941379,-0.0003234095005158,0.018183162658479,0.0029717564170457,0.0022623816935822,True,0
raw,4,0.75,1.3,1361,0.7034361964499014,0.127953080768403,0.5732772570045095,0.6227390180878553,0.2973803016048939,0.0007664464367423,-0.0016111523778118,0.0228117267332642,0.0038946474757037,0.0022270801514598,True,0
raw,5,0.75,1.3,1361,1.2107287755236675,0.1081306379483123,0.5257411732366923,0.5493775933609959,0.1235293296946319,0.0015679962874433,-0.000832591139257,0.0103442840228934,0.0037994871443015,0.0017986214521858,True,0
raw,6,0.75,1.3,1361,1.4811555810451762,0.0852809666714127,0.5092621471729019,0.523538961038961,0.2207635428773054,0.0010798732677959,-0.001993618007831,0.0299540519381536,0.0036619791827574,0.000797787170874,True,0
shrunk,3,0.75,1.4,1361,0.5223669881982018,0.1997966442529712,0.4196944078983196,0.7352657004830918,0.1250230509305479,0.0014190128675567,-0.0001480406984232,0.0347617513461667,0.0026992153650144,0.0018490393127157,True,0
shrunk,4,0.75,1.4,1361,0.6721435865838866,0.1544580773856643,0.3908051356087315,0.6797088262056415,0.7315548027464851,-0.00087284784047,-0.0023887659499006,0.2118079232914871,0.000567620218749,-0.0006784175682232,True,0
shrunk,5,0.75,1.4,1361,0.9924653849464238,0.104614374040655,0.3896947916334478,0.5701091519731318,0.5104640182166876,-0.0003388614544177,-0.0021615057361597,0.2179581654502526,0.0009550836573513,-0.0007976629907226,True,0
shrunk,6,0.75,1.4,1361,1.6146919412398533,0.0966354813416948,0.3419794260359416,0.4971428571428571,0.0449848284200666,0.0029003603670856,0.0006609030203142,0.0193991168569217,0.0041280425897849,0.0020942310759142,True,0
raw,3,0.75,1.4,1361,0.6796280495990681,0.186276369594114,0.4396858596204372,0.7351816443594646,0.0261433957681055,0.0026364078200309,0.0014067673148831,0.0012537644588107,0.0054151095910085,0.0048787280882566,True,0
raw,4,0.75,1.4,1361,0.9001817679624605,0.131122464965706,0.4594046083443323,0.606401384083045,0.3324742008388483,0.0006282749697222,-0.0013022225727366,0.018839031741046,0.0038287486167459,0.0027064891533564,True,0
raw,5,0.75,1.4,1361,0.9354449694478596,0.1149290233551871,0.4160571782562268,0.5409282700421941,0.0260653776854627,0.0025054147767837,0.0006899949463327,0.0018472654466032,0.004622160584851,0.0031750084197108,True,0
raw,6,0.75,1.4,1361,1.1417930476504168,0.0800187356213858,0.3873316020082812,0.5816,0.0163577407032969,0.0037525334641019,0.0010333112275547,8.494154648615338e-05,0.0083022324210638,0.0060735687762828,True,0
shrunk,3,0.75,1.5,1361,0.6622825382789869,0.2130989776395478,0.3187912158266495,0.7079207920792079,0.0262847225147738,0.0025926601838469,0.0013109006518883,0.0028466976390944,0.0047862154880674,0.0040919518982651,True,0
shrunk,4,0.75,1.5,1361,0.664228650595391,0.1480507350533721,0.3097432442023328,0.6882882882882883,0.0318278254526231,0.002842109853873,0.0013780122006118,0.0009714845931598,0.0058628665268082,0.0053988709625324,True,0
shrunk,5,0.75,1.5,1361,0.8643941198653069,0.1165712773090322,0.2948408613660998,0.6512425021422451,0.1174076519361606,0.0016880840614191,-0.000542968778406,0.0066691043008709,0.0045430599384559,0.0028730452178406,True,0
shrunk,6,0.75,1.5,1361,1.0605309733500785,0.1007214646412727,0.2402578374898495,0.5464344941956882,0.0557997018407394,0.0024721845675148,0.0003552175335735,0.0106306182994816,0.004757926946425,0.0028464959518917,True,0
raw,3,0.75,1.5,1361,0.6596678074451701,0.188229494594114,0.3288533279021122,0.6657088122605364,0.0657988484232497,0.0014430481513905,0.0005244917848331,0.0128640688009235,0.0026770004660751,0.0022023595971608,True,0
raw,4,0.75,1.5,1361,0.6732455536488537,0.1357989710975301,0.3522843740562271,0.6500437445319335,0.3705516192047157,0.0003509925154571,-0.0015604767689598,0.0406931981319398,0.0025858612636397,0.0011613084013181,True,0
raw,5,0.75,1.5,1361,1.1163027726609271,0.119414509989015,0.301620463302623,0.5870689655172414,0.0181617595427976,0.0029371933260418,0.0009907817291664,0.0018694568425791,0.0047822568884567,0.0030787704216235,True,0
raw,6,0.75,1.5,1361,1.058215610603808,0.0830867906544405,0.2672522065209273,0.5512510088781275,0.0923300695932951,0.0017241206234112,-0.0023175520839221,0.0021488502656313,0.0048644523915926,0.001008618545565,True,0
shrunk,3,0.75,2.0,1361,0.4830531023718928,0.2329720012983578,0.0281555059270349,0.6545265348595213,0.0559160214360929,0.0012589514088112,0.0007335328883224,0.0183714519210816,0.002362713442035,0.0019029924331996,True,0
shrunk,4,0.75,2.0,1361,0.5207415390754963,0.1917204313902369,0.0427686319480219,0.564176245210728,0.0457593212363195,0.0014865654416899,0.0004961099495745,0.0498018309980934,0.0017715648307685,0.0009384344123588,True,0
shrunk,5,0.75,2.0,1361,0.5915532148412509,0.1557594206881197,0.0314365645481489,0.5286624203821656,0.1958365060678235,0.00048730390633,-0.0014205927513616,0.0680635544151643,0.0016771705646042,-0.0003754427664816,True,0
shrunk,6,0.75,2.0,1361,0.5853912877467246,0.1191250059744818,0.031397530408218,0.5526992287917738,0.0519246529636968,0.0028696690869527,0.0002265798928836,0.0104647343230097,0.0048954644704791,0.0020686047863591,True,0
raw,3,0.75,2.0,1361,1.0700468202686473,0.2080066725346196,0.0621545829476948,0.6370808678500987,0.6150559813667054,-0.0004779890920452,-0.0018202700948892,0.4451076832609045,-0.0001703129997338,-0.0013315910615261,True,0
raw,4,0.75,2.0,1361,0.5644055334842167,0.1917897470214225,0.0402540934387505,0.5574712643678161,0.7933373729977568,-0.0010357765108655,-0.0022216260110159,0.5602756541022615,-0.0006531126637729,-0.0015720489024488,True,0
raw,5,0.75,2.0,1361,0.5239580372148531,0.1732193869406872,0.0372381347139918,0.4820276497695852,0.9298569442074868,-0.0015984871569936,-0.0040072296382962,0.7937937151787869,-0.0012444664217096,-0.0037450415715363,True,0
raw,6,0.75,2.0,1361,0.8550459389772322,0.153842127321644,0.0237502592708245,0.4636363636363636,0.2542382368746674,0.001401121240885,-0.0014488916161919,0.1380860547693068,0.0022999605306339,-0.0004428388671782,True,0
shrunk,3,1.0,1.2,1361,0.6730947393509192,0.1034466493198369,0.7343331834064662,0.7516556291390728,0.6123054973646673,-0.0002690555829055,-0.0019395211593542,0.3654614123819261,0.0003592804361675,-0.0012198116029338,True,0
shrunk,4,1.0,1.2,1361,0.8938516892511893,0.0481138842597315,0.7637627182347029,0.7114803625377644,0.2920529075275321,0.000850459036002,-0.0021563201112322,0.10245160269097,0.0017874180075568,-0.0007049162451889,True,0
shrunk,5,1.0,1.2,1361,1.3373324978853125,0.0371237319097979,0.7078851634152259,0.5553080920564217,0.6080310554100158,-0.0006387552216039,-0.0029830802817278,0.7394394208096453,-0.0009938927116485,-0.0033123167268112,True,0
shrunk,6,1.0,1.2,1361,1.736841480833486,0.0354127940666159,0.6903997578282326,0.5746102449888641,0.0517625908835112,0.0021933735885654,6.540970498203346e-06,0.0047487398924442,0.0041049180473075,0.0015143385796844,True,0
raw,3,1.0,1.2,1361,0.7243567938385518,0.0931377779649957,0.7506758435006652,0.7797716150081566,0.014408674696655,0.0039536078695078,0.0027341065062601,0.0009211580047637,0.007216459011495,0.0067886885874814,True,0
raw,4,1.0,1.2,1361,0.9380034709698952,0.0608901332723037,0.7452132222441056,0.6383141762452107,0.0475070379842346,0.0026938907015024,0.000381779675604,0.0124262581337459,0.0040780080925657,0.0020360271614714,True,0
raw,5,1.0,1.2,1361,1.4190934858066406,0.0450155902300298,0.7323561812602776,0.6105733432613552,0.3954331834254489,-0.0001897622292292,-0.0022768353130417,0.1652379567918623,0.0007443674564306,-0.0018956103650875,True,0
raw,6,1.0,1.2,1361,1.6405520384774508,0.0301152773809998,0.729791784530411,0.5616338439095551,0.4476897149462695,7.633933714956687e-05,-0.0022161155430219,0.2016446188205638,0.0013136515820957,-0.000996888291709,True,0
shrunk,3,1.0,1.3,1361,0.8176344556501092,0.1046423698324001,0.631940038754963,0.7192691029900332,0.2656269772888661,0.0004112399056721,-0.0009151754157916,0.0527682280643355,0.0016639565714389,0.0004349727679069,True,0
shrunk,4,1.0,1.3,1361,0.7194659730571253,0.0533595604495624,0.631700822416578,0.7496194824961948,0.0269420663045007,0.0033744904756732,0.0013305576609816,0.0021811510742863,0.005621526242527,0.0043376701652329,True,0
shrunk,5,1.0,1.3,1361,1.3536844741447789,0.04381139844382,0.5537891668037294,0.5313207547169811,0.4275603954459889,-1.9954020856749463e-05,-0.0015663713093757,0.5222267475589324,-0.0002235281814449,-0.0021185409570745,True,0
shrunk,6,1.0,1.3,1361,1.237704365537859,0.0337208576162923,0.5547238742110133,0.5308823529411765,0.6535265655474494,-0.0005471180656366,-0.0038303957576994,0.426860558295828,1.0872220792434996e-05,-0.0032228214434459,True,0
raw,3,1.0,1.3,1361,0.6247172267745567,0.0918266908748237,0.6616101646760502,0.7931873479318735,0.0542575580964941,0.002691605528834,0.0013851847876823,0.0032814695375235,0.0058494320421486,0.0052538212479419,True,0
raw,4,1.0,1.3,1361,0.8219087204947604,0.0536043975145302,0.6374862991105161,0.7293404094010614,0.0344589475489649,0.0031354607347585,0.0007486539135294,0.0023336905167128,0.0059110481815274,0.004314974612836,True,0
raw,5,1.0,1.3,1361,1.3311124990999097,0.0553521238717159,0.5466629046950544,0.6044039483675019,0.0677878559547758,0.0022042333575192,0.0003198263434567,0.0021849712389141,0.0050127657196616,0.0032757919369572,True,0
raw,6,1.0,1.3,1361,1.6388682541378428,0.0332264771072993,0.5408816738380655,0.5796038151137197,0.1817036517883875,0.0016795111519808,-0.0012245806848945,0.0346726680393372,0.003768739815629,0.0009967788461124,True,0
shrunk,3,1.0,1.4,1361,0.6846097749554987,0.1101196837431414,0.5117235930066528,0.7493692178301093,0.3260227085391989,0.000306596783914,-0.0010005389137533,0.0685466897104149,0.0016682944162729,0.0006896250705594,True,0
shrunk,4,1.0,1.4,1361,0.6605491560267049,0.0629401223703768,0.4939081112316891,0.7016317016317016,0.0044503813036083,0.0042071799444429,0.0027543932532307,0.0004149007654378,0.0066262551966239,0.0058401971478309,True,0
shrunk,5,1.0,1.4,1361,1.0502115594027468,0.0453345891076318,0.4249765191385189,0.5347432024169184,0.9509900243100656,-0.0016216778456041,-0.0034853449967569,0.7879978963007421,-0.0011037815926007,-0.0028649511054156,True,0
shrunk,6,1.0,1.4,1361,1.400174793239969,0.0415904123478742,0.3614532027378947,0.5256410256410257,0.3491730335022598,-0.0002225071884141,-0.0025039286471509,0.2487389746335641,0.000593954157961,-0.0021295425443028,True,0
raw,3,1.0,1.4,1361,0.631233668540521,0.0981882830155007,0.5395092193206013,0.7784184514003295,0.0526427397574819,0.0026463910997742,0.0015238401292938,0.0017391966867909,0.0065738903408,0.0062414451073792,True,0
raw,4,1.0,1.4,1361,0.9346928003620087,0.0547426280491945,0.5259856910429371,0.7110438729198184,0.3466045997356344,0.000556032677881,-0.0013385306016113,0.0428249810779253,0.0030827110437976,0.0018294039567958,True,0
raw,5,1.0,1.4,1361,1.2275937669854624,0.0521548872179725,0.4367074230650206,0.5861027190332326,0.5109957635331727,-0.0003436552575852,-0.0024903156852562,0.1564220818319167,0.0008447047685963,-0.0014550498570788,True,0
raw,6,1.0,1.4,1361,1.4953057987233036,0.0354052755009472,0.4012109971099339,0.5626843657817109,0.0207523867010283,0.003505143784163,0.0007555271783812,0.0002716414440011,0.0077129688654157,0.0054310140716195,True,0
shrunk,3,1.0,1.5,1361,0.7999310321418498,0.1218199330160953,0.3828567045211492,0.7134302822925578,0.337844401704253,1.9218515296293148e-05,-0.0014081798990564,0.0713004315911865,0.0012958560661197,-0.0001723948910344,True,0
shrunk,4,1.0,1.5,1361,0.7492005976095505,0.0726273086153568,0.3675299380474113,0.6722354813046937,0.0010411147363174,0.0052379501229554,0.0040911565749125,8.798683242715236e-05,0.0075349833016276,0.0072331275526071,True,0
shrunk,5,1.0,1.5,1361,1.162742108824359,0.0503168239310074,0.3056691890433519,0.5692425401683244,0.6881133416804281,-0.000852206622276,-0.0028161363113601,0.1457920388287312,0.0011878079440162,-0.0007010710897123,True,0
shrunk,6,1.0,1.5,1361,1.4126507295295818,0.0475261362255887,0.2539562868624616,0.5650190114068441,0.0956827627838715,0.001815297858025,-0.00081572521225,0.0177136693998608,0.0038603762671028,0.0012661536281177,True,0
raw,3,1.0,1.5,1361,0.5746311197231226,0.0981882830155007,0.4430675894228006,0.7784184514003295,0.0735963991386769,0.0022417894668718,0.001046154924396,0.0021979801233233,0.0061316509100806,0.0056399705064239,True,0
raw,4,1.0,1.5,1361,0.8479520956718722,0.063758097186383,0.388297749596468,0.6867749419953596,0.18252508947272,0.0011485969539728,-0.0010792118364153,0.0243637885845792,0.0033316900797933,0.0013930188583031,True,0
raw,5,1.0,1.5,1361,1.3377813176286109,0.0582816266394385,0.3038714344242282,0.559025133282559,0.5904220475575445,-0.0004387337721519,-0.0029534848989837,0.1702939122984601,0.0008847128676766,-0.0019440311851294,True,0
raw,6,1.0,1.5,1361,1.2296995549071554,0.0390746906404615,0.270329913118505,0.5443037974683544,0.0292784414356491,0.0026383113259174,-0.0013136018316506,0.0014000578064097,0.0053872965447292,0.0017012492238945,True,0
shrunk,3,1.0,2.0,1361,0.6458569456464321,0.144677667091814,0.0579491940571396,0.6196428571428572,0.3398566925360453,-8.996995010468467e-05,-0.0009134265985851,0.1185681268153827,0.0009769926957388,0.000286242095446,True,0
shrunk,4,1.0,2.0,1361,0.6324517839517738,0.1196112508090432,0.0422379996555094,0.5416309012875536,0.0479322875546292,0.0021718840257989,0.0005570701028661,0.0114475458877382,0.0043083889397897,0.0025301859281588,True,0
shrunk,5,1.0,2.0,1361,0.6540194978831704,0.0889762561005496,0.0351885846414588,0.5110384300899428,0.1887824743613104,0.0005165643330591,-0.0014065505129719,0.0624895645370463,0.0017321736671946,-0.0003601371456705,True,0
shrunk,6,1.0,2.0,1361,0.6679274333720029,0.0590180393912717,0.034564126079188,0.5272585669781932,0.0624526989993914,0.0028509650916195,0.0001907726649723,0.0108974411713382,0.0051191961612406,0.0024751691998629,True,0
raw,3,1.0,2.0,1361,1.1222714530553026,0.1269341694247255,0.0745954121472433,0.6412671232876712,0.4392752331676802,-0.0001102981603908,-0.0009552074660125,0.2421694975816406,0.0003980445089351,-0.0001786554669128,True,0
raw,4,1.0,2.0,1361,1.198362912516134,0.1130217707403636,0.0401482156344087,0.4962406015037593,0.7226230581779616,-0.0008261424267501,-0.0029026961874181,0.6736332221012539,-0.0007488428774339,-0.0026180172817583,True,0
raw,5,1.0,2.0,1361,1.038557999506151,0.0943356808818873,0.0368996409293897,0.4736842105263157,0.7517152039788966,-0.00112580582193,-0.0022084913563321,0.5193726452398758,-0.0006810804782297,-0.0018985672171666,True,0
raw,6,1.0,2.0,1361,0.9491243260488462,0.0882256863080984,0.0237243582608056,0.4491114701130856,0.1095112206049456,0.0018315266128543,-0.0006142579288837,0.0496690868126129,0.0026510980636011,0.0001662179757869,True,0
shrunk,3,1.5,1.2,1361,0.7599160183114175,0.023193171249214,0.8319407467628959,0.76410998552822,0.6371076665377988,-0.0004187174342625,-0.0019101672903646,0.649013771887258,-0.0003963498043463,-0.0019429003621722,True,0
shrunk,4,1.5,1.2,1361,0.8029787589110686,0.0130699311917803,0.804757459494115,0.7257142857142858,0.0102207117010485,0.0046950550298119,0.0017864329774121,0.0029842297937145,0.0060658702543696,0.0038818695907121,True,0
shrunk,5,1.5,1.2,1361,1.4848516231920974,0.0112393834176255,0.7424834713585281,0.5380782918149466,0.8117423699710654,-0.0012211957346641,-0.0031138786204937,0.8935410888363388,-0.001449396393333,-0.003326878595965,True,0
shrunk,6,1.5,1.2,1361,1.5443352050933128,0.0084184618683331,0.715040662384208,0.5671852899575672,0.3509009781764959,0.0004048840518631,-0.0017325754193823,0.1072481780129524,0.0016592123108247,-0.0006507561553328,True,0
raw,3,1.5,1.2,1361,0.7243407768127836,0.0264448021730733,0.8505568100759997,0.8037928519328957,0.0233402447346596,0.0037148310099783,0.0018731491966307,0.0056267304921584,0.0057937040084609,0.004417095068769,True,0
raw,4,1.5,1.2,1361,0.9112912668606388,0.0159025497621878,0.8091882973399364,0.7006414825374199,0.0208298848955034,0.0047754353187966,0.0027955340530328,0.0022799810334261,0.0076502726161022,0.0067586744609715,True,0
raw,5,1.5,1.2,1361,1.671116813153847,0.0130738512471435,0.7460760194920562,0.5937277263007841,0.120407598802238,0.0011984882587533,-0.0003599917532625,0.05093219301079,0.0023040998259262,0.0005372208461123,True,0
raw,6,1.5,1.2,1361,1.4841090227604965,0.0090237676314378,0.7450450636927112,0.5642655367231638,0.4173377087157988,0.0001170436013598,-0.0023924250021727,0.2416653546930582,0.00086739883138,-0.0014622032125396,True,0
shrunk,3,1.5,1.3,1361,0.767443831804231,0.0270828973490448,0.712489817477258,0.7724288840262582,0.7650014140047576,-0.0007161023655728,-0.0020779373922737,0.4562031767632594,2.5798253629916168e-05,-0.0009633589665027,True,0
shrunk,4,1.5,1.3,1361,0.8097040745500205,0.0146740058135453,0.6751364760473728,0.7323340471092077,0.0986620858471109,0.001893749931376,-0.0005081158610389,0.0137183359275135,0.0037495551415223,0.0017370838748888,True,0
shrunk,5,1.5,1.3,1361,1.2554563813117523,0.0115582446184664,0.599040183937424,0.5245551601423487,0.998225304435796,-0.0019512380936337,-0.003505089512057,0.9968164546827656,-0.0019859754386192,-0.0039711675743843,True,0
shrunk,6,1.5,1.3,1361,2.4418096123514093,0.0096761630160307,0.5424109685356309,0.5344215755855216,0.232913995298638,0.0012836056554684,-0.0021586440707499,0.0970725133905434,0.0021031597338692,-0.0014785504900557,True,0
raw,3,1.5,1.3,1361,0.7501286012210773,0.0276613471852387,0.7389070040397299,0.7935578330893118,0.0753563848771972,0.0020068446686778,0.0007621918547759,0.0131657030375272,0.0041710237417127,0.0031701751547509,True,0
raw,4,1.5,1.3,1361,1.1775605914997445,0.0184330790764144,0.6739629794310353,0.6988555078683834,0.0858980313311664,0.0027733092931253,0.0007178327411978,0.0086968079233608,0.0059259803598152,0.004457320606676,True,0
raw,5,1.5,1.3,1361,1.372588217452366,0.0112359110986879,0.6111923136566604,0.5904558404558404,0.3412451900615188,0.0003708894948782,-0.0014386380649064,0.1313097347310151,0.0015592722665526,-0.0002181132277004,True,0
raw,6,1.5,1.3,1361,1.6723072453612136,0.0102673546689819,0.5702855447127393,0.5682944090587403,0.1400576998560169,0.0017207585061888,-0.001514258107455,0.0427957738451473,0.0034349542859937,5.196186949228965e-05,True,0
shrunk,3,1.5,1.4,1361,0.9782373606921416,0.0455773544531792,0.5701057500306095,0.7167543200601052,0.2584494994822343,0.0002853983225472,-0.0007984549349618,0.0426516221017022,0.001690364360925,0.000408393855198,True,0
shrunk,4,1.5,1.4,1361,0.8695849679538588,0.0183858249147636,0.5493675574964482,0.7213822894168467,0.0464358638816377,0.0025891268749245,0.0001778081762084,0.0012256753861012,0.0057471177812382,0.0030952566399767,True,0
shrunk,5,1.5,1.4,1361,1.410322080206112,0.0146976782541628,0.4450507288555572,0.5340990667623834,0.9670627176604498,-0.0016869967208588,-0.003659685797265,0.9889007040194028,-0.0017899389655909,-0.0041267101124901,True,0
shrunk,6,1.5,1.4,1361,1.2367072948882014,0.0099477414159209,0.403557157301083,0.5259417199715707,0.1382638364917185,0.0012467942789691,-0.0016358015642931,0.0925143833155386,0.0018150323261696,-0.000627938688086,True,0
raw,3,1.5,1.4,1361,0.6537311381974802,0.0302996980504634,0.6406798852281145,0.7963235294117647,0.0138772692394973,0.0037724168476179,0.0024585146548154,0.0004207772953187,0.0078963879482175,0.0071573793169541,True,0
raw,4,1.5,1.4,1361,0.9944639541985266,0.0184766082804511,0.5539114360750821,0.728448275862069,0.0357405815907834,0.0038276288000445,0.0019301682368599,0.0021630944188724,0.0073134245511161,0.0062650313859906,True,0
raw,5,1.5,1.4,1361,1.4648934114860477,0.0128819839190595,0.4660515511712153,0.6035714285714285,0.1846223554291799,0.0010813204855832,-0.0010235725482517,0.0365916881404175,0.0027029384970912,0.0004430999837603,True,0
raw,6,1.5,1.4,1361,1.7248952055461002,0.0097006705060616,0.4183013874343997,0.5723404255319149,0.1132577967221797,0.0021848124749563,-0.0006869192039622,0.0056092193008458,0.00543575573183,0.0025714675072699,True,0
shrunk,3,1.5,1.5,1361,0.8494776407313308,0.0392985767590622,0.4558226036660225,0.7345724907063197,0.25498695956059,0.0003769483006194,-0.0008216755236864,0.0274402444491812,0.0022647092507221,0.0010464095801997,True,0
shrunk,4,1.5,1.5,1361,0.7103939739181151,0.0190143602772358,0.4201281390769187,0.6994219653179191,0.0115552768628553,0.0033946624849369,0.0018092538745884,0.0007161147424041,0.0059961013864502,0.005172549956464,True,0
shrunk,5,1.5,1.5,1361,1.3803376349564354,0.0143964734348857,0.3277404690858714,0.5541995692749462,0.2807718690350677,0.0004436338759143,-0.0017213528513037,0.0446087512983997,0.0025426543572478,0.0003666919142044,True,0
shrunk,6,1.5,1.5,1361,1.1324728703942109,0.0133773105373276,0.3000612168219759,0.5464949928469242,0.2987477978967781,0.0003563260591991,-0.0025226570338376,0.0506367628416876,0.0027797150310981,0.0006500037401611,True,0
raw,3,1.5,1.5,1361,0.6387396736418602,0.0312165684661113,0.518372919297784,0.7879234167893961,0.0299752594970524,0.0029473132057558,0.0017574834993324,0.0007707543431265,0.0071173695121967,0.0065480426819587,True,0
raw,4,1.5,1.5,1361,0.9457353702278536,0.0262942719477393,0.4238653836832867,0.7381126554498902,0.005006908781635,0.0046124205290757,0.0031773360601742,0.0004743937453497,0.0071242172165804,0.0060098954144115,True,0
raw,5,1.5,1.5,1361,1.3697264322476117,0.0144168817881966,0.3462122986752983,0.5896700143472023,0.3351813706525225,0.0003428458894074,-0.0013570459433194,0.0480626357218563,0.002378898762344,0.0008623876326108,True,0
raw,6,1.5,1.5,1361,1.329164465389002,0.0143585557695463,0.2957677000525094,0.5607142857142857,0.0259235123873541,0.0028988236927171,-0.000190009462381,0.0004263506839919,0.0066638149168234,0.0039265407698993,True,0
shrunk,3,1.5,2.0,1361,0.682139000042441,0.0605317442044829,0.0655021929359534,0.6607142857142857,0.0329697799972905,0.0020911207432304,0.0014372951970546,0.010295853876228,0.0036482689370532,0.0030717176610189,True,0
shrunk,4,1.5,2.0,1361,0.7080289591473148,0.0494485779547061,0.047368951102308,0.5471841704718418,0.0330891590669231,0.0017392343595266,0.0008362071949504,0.0034064613658257,0.0037590509607875,0.003071681191289,True,0
shrunk,5,1.5,2.0,1361,0.7459849427346174,0.027863950899903,0.0563103470237982,0.5254237288135594,0.0120389888951557,0.0031531015359114,0.0012815956080172,0.0015741448256092,0.0049098779188988,0.0030918264836476,True,0
shrunk,6,1.5,2.0,1361,0.7016023291438014,0.0240481057653896,0.0361627260112419,0.547514619883041,0.1411427525500683,0.0012770738871539,-0.0006691490043062,0.0335468877899226,0.0034785419040183,0.0018105133698013,True,0
raw,3,1.5,2.0,1361,0.851115156056453,0.0479564099617174,0.068450255121631,0.6515495086923658,0.1311401372002384,0.0010141920031178,6.344449370413452e-05,0.0306174855492586,0.0022422737496041,0.0015780576553194,True,0
raw,4,1.5,2.0,1361,1.398344472311284,0.0394695175189446,0.064515007643957,0.608955223880597,0.4721639944062993,-0.0002488932153295,-0.0014096009099526,0.160422620674856,0.0008214510980987,-0.0004734510502012,True,0
raw,5,1.5,2.0,1361,1.1305339967366863,0.0389031172940997,0.044562965655997,0.4854151084517576,0.2638250416190473,0.0001238253542393,-0.0012793789301512,0.19493865104184,0.0005699528132352,-0.0012030557526545,True,0
raw,6,1.5,2.0,1361,0.9087671351281932,0.0364610795830583,0.0387893149987612,0.4888724035608308,0.0389691251197648,0.0010195564522617,-0.0002784131870097,0.0086089087960639,0.0019775467339034,0.000594135032605,True,0
