player,born,tm_id,n,score,tm_name,fbref_clubs,seasons,tm_born,tm_clubs
Bruno Messi,1996.0,393581,1,70.0,Bruno Almeida,Santa Clara,23,1996,CD Santa Clara
Paulinho,1994.0,226155,1,70.58823529411764,Carlinhos,Portimonense,"18,19",1994,"GD Estoril Praia, Portimonense SAD, Vitória Setúbal FC"
Azongha Tembeng,1991.0,351245,1,74.07407407407408,Nego Tembeng,Tondela,19,1991,CD Tondela
João Escoval,1997.0,396428,1,74.07407407407408,Rodrigo Escoval,Vizela,24,1997,FC Vizela
Guilherme Ramos,1997.0,340521,1,75.0,Gui Ramos,Santa Clara,25,1997,CD Santa Clara
Oriol Rosell,1992.0,166628,1,76.81818181818181,Uri Rosell,Portimonense,18,1992,Portimonense SAD
Álex Grimaldo,1995.0,193082,6,77.41935483870968,Alejandro Grimaldo,Benfica,"18,19,20,21,22,23",1995,SL Benfica
Jerry St. Juste,1996.0,288253,3,77.41935483870968,Jeremiah St. Juste,Sporting CP,"23,24,25",1996,Sporting CP
Sebastián Pérez,1993.0,182108,5,80.0,Seba Pérez,Boavista,"21,22,23,24,25",1993,Boavista FC
Pedro Rodrigues,1997.0,406766,1,80.0,Bruno Rodrigues,"Estoril, Famalicão, Vit. Guimarães","18,19,20,21,22",1997,FC Famalicão
Michael Johnston,1999.0,297257,1,80.0,Mikey Johnston,Vit. Guimarães,23,1999,Vitória Guimarães SC
Lucão,1992.0,190314,1,80.0,Lucas,Portimonense,23,1992,Portimonense SAD
Leonardo Realpe,2001.0,656409,1,80.0,Léo Realpe,Famalicão,25,2001,FC Famalicão
José Manuel Velázquez,1990.0,99296,1,80.0,Sema Velázquez,Arouca,22,1990,FC Arouca
Alexandre Pinto,1998.0,415645,4,80.0,Alex Pinto,"Arouca, Farense, Gil Vicente FC","20,21,24,25",1998,"FC Arouca, Gil Vicente FC, SC Farense"
Tasos Karamanos,1990.0,127826,1,80.71428571428571,Anastasios Karamanos,Feirense,18,1990,"CD Feirense, Rio Ave FC"
Francisco Geraldes,1995.0,257456,5,81.25,Chico Geraldes,"Estoril, Rio Ave, Sporting CP","18,20,21,22,23",1995,"GD Estoril Praia, Rio Ave FC, Sporting CP"
Gabriel Vieira,2002.0,627221,1,81.4814814814815,Gabriel Veron,Santa Clara,"23,25",2002,FC Porto
Francisco Varela,1994.0,212867,1,81.4814814814815,Fran Varela,B-SAD,20,1994,B SAD (2018-2024)
Bruno Pires,1992.0,190705,1,81.81818181818181,Bruno Pirri,Vitória Setúbal,20,1992,Vitória Setúbal FC
Heriberto Tavares,1997.0,445517,6,82.75862068965517,Heri Tavares,"Boavista, Estoril, Famalicão, Moreirense","19,20,21,22,23,24",1997,"Boavista FC, FC Famalicão, GD Estoril Praia, Moreirense FC"
Eduardo Mancha,1995.0,578685,1,83.33333333333334,Edu Mancha,Farense,21,1995,SC Farense
Chambos Kyriakou,1995.0,203970,1,83.33333333333334,Charalampos Kyriakou,Estoril,18,1995,GD Estoril Praia
Oriol Busquets,1999.0,282721,2,84.61538461538461,Uri Busquets,Arouca,"23,24",1999,FC Arouca
Park Ji-soo,1994.0,260197,1,85.71428571428572,Ji-su Park,Portimonense,23,1994,Portimonense SAD
Babatunde Akinsola,2003.0,924447,1,87.5,Tunde Akinsola,AVS Futebol,25,2003,Avs Futebol
Nicolás Gaitán,1988.0,75442,3,88.0,Nico Gaitán,"Braga, Paços Ferreira","21,22,23",1988,"FC Paços de Ferreira, SC Braga"
Nicolás González,2002.0,466805,2,89.65517241379311,Nico González,Porto,"24,25",2002,FC Porto
Joneston Omurwa,1998.0,588635,1,90.32258064516128,Johnstone Omurwa,Estrela,24,1998,CF Estrela Amadora
Rafael Lopes,1991.0,162819,1,90.9090909090909,Rafa Lopes,Boavista,19,1991,Boavista FC
Hamdou Elhouni,1994.0,377605,2,91.55172413793105,Hamdou El Houni,"Aves, Chaves","18,19",1994,"Desportivo Aves (- 2020), GD Chaves"
Antreas Karo,1996.0,203966,1,91.66666666666666,Andreas Karo,Marítimo,21,1996,CS Marítimo
