player,born,season,team
Carlos Ponck,1995.0,1718,Aves
Bernardo Dias,1997.0,1718,Belenenses
Leonardo Ruiz,1985.0,1718,Boavista
Raphael Branco,1990.0,1718,Boavista
Koka,1993.0,1718,Braga
Paulo Sérgio Mota,1991.0,1718,Chaves
Oghenekaro Etebo,1995.0,1718,Feirense
Diederrick Joel,1993.0,1718,Marítimo
Eliseu Cassamá,1994.0,1718,Rio Ave
Pedrão,1992.0,1718,Vit. Guimarães
Christian Neiva Afonso,1994.0,1819,B-SAD
Francisco Reis Ferreira,1997.0,1819,Benfica
Avtandil Ebralidze,1991.0,1819,Chaves
João Tiago Serrão Garcês,1993.0,1819,Nacional
Mamadu Candé,1990.0,1819,Santa Clara
Hildeberto Pereira,1996.0,1819,Vitória Setúbal
Arthur Yamga,1996.0,1920,Aves
Thibang Phete,1994.0,1920,B-SAD
Gonçalo Rodrigues,1997.0,1920,Famalicão
Álex Centelles,1997.0,1920,Famalicão
Edwin Venté,1996.0,1920,Gil Vicente FC
Erivaldo,1994.0,1920,Marítimo
Lamine Diaby,1996.0,1920,Paços Ferreira
José Cevallos Enríquez,1995.0,1920,Portimonense
Rui Filipe Cunha Correia,1995.0,1920,Santa Clara
José Luis García Vayá,1998.0,1920,Tondela
Cristóbal Montiel,2000.0,1920,Vitória Setúbal
Francisco Chico,1998.0,2021,B-SAD
Sphephelo Sithole,1999.0,2021,B-SAD
Cristian Castro,2001.0,2021,Boavista
Madi Queita,1998.0,2021,Farense
Tim Söderström,1994.0,2021,Marítimo
Pedro Borges,1997.0,2021,Tondela
Jeriel Córdova,2002.0,2122,Boavista
Bruno Nascimento,1997.0,2122,Famalicão
Cristian González,1996.0,2122,Santa Clara
Hugues Zagbayou,1990.0,2122,Vizela
Jonathan Monroy,2001.0,2223,Chaves
Ricardo Guimarães,1995.0,2223,Chaves
Mihai Dobre,1998.0,2223,Famalicão
Philippe Koffi,2002.0,2223,Paços Ferreira
Alemão,2002.0,2223,Portimonense
Nonoca,1998.0,2223,Portimonense
Danny Loader,2000.0,2223,Porto
Fábio Conceição,2001.0,2223,Rio Ave
Daniel Bandeira,2000.0,2223,Vit. Guimarães
Larra,1997.0,2324,Casa Pia
André Inácio,2002.0,2324,Estrela
Kialonda,1997.0,2324,Estrela
Bachir Belloumi,2002.0,2324,Farense
Tidjany Chabrol,2002.0,2324,Gil Vicente FC
Luismi,2001.0,2324,Moreirense
Igor Marques,1999.0,2324,Portimonense
Manuel Manu,2001.0,2324,Vit. Guimarães
Uładzisłaŭ Marozaŭ,2000.0,2425,Arouca
Gonçalo Almeida,2003.0,2425,Boavista
Guilherme Serrão,2003.0,2425,Estrela
Jaime Pinto,1997.0,2425,Farense
Bernardo Martins,1997.0,2425,Moreirense
Yan Lincon,2002.0,2425,Moreirense
Samu Omorodion,2004.0,2425,Porto
