Rates,K,Noise multiplier,Fuzziness,Baseline,Bootstrap Wald p,SE ratio
shrunk,4,1.0,1.2,core,0.4451415028568375,1.0969296316565145
shrunk,4,1.0,1.2,full,0.2768757281027134,1.154704975180971
raw,3,1.0,1.3,core,0.0774620003279648,1.0735866964584615
raw,3,1.0,1.3,full,0.0115866904659974,1.1350614741358396
raw,4,1.0,1.3,core,0.0549917259042133,1.1269865840479596
raw,4,1.0,1.3,full,0.0163967388732726,1.2096224445991877
shrunk,3,1.0,1.3,core,0.5572448420132761,1.3402388113808918
shrunk,3,1.0,1.3,full,0.3350119047500099,1.464584976618449
shrunk,4,1.0,1.3,core,0.0786357656469114,1.083316525815166
shrunk,4,1.0,1.3,full,0.0152802115129171,1.1466203933134669
shrunk,5,1.0,1.3,core,0.7226797066704556,1.2819729157443305
shrunk,5,1.0,1.3,full,0.757419535417414,1.3234096859063231
shrunk,4,1.0,1.4,core,0.0368541028414581,1.1012412718221998
shrunk,4,1.0,1.4,full,0.0077320948673275,1.1890456370392544
shrunk,4,1.0,1.5,core,0.0291749172640773,1.1862209681773286
shrunk,4,1.0,1.5,full,0.0076287891992986,1.2844563170282093
shrunk,4,1.0,2.0,core,0.0877995187192225,1.1537692863152245
shrunk,4,1.0,2.0,full,0.019160822437711,1.1554605780773544
shrunk,4,1.5,1.3,core,0.1709314554602037,1.092191510096446
shrunk,4,1.5,1.3,full,0.0689591271892696,1.1845516215951792
