Variable,Coef.,SE,p
Age,-0.15872720145271937,0.03574072511303859,8.95110460602597e-06
Age squared,0.0018527378535719186,0.0006694717763865943,0.005649459174008905
Log minutes (level),0.19344817801180586,0.026559858150753162,3.2531877327180005e-13
Change in log minutes,0.3748526892289876,0.02380722160636877,7.393804828180127e-56
Defender,0.049099704412761444,0.03915777489370446,0.2098804858488531
Forward,-0.029706602487712105,0.04952924851591886,0.5486535393927618
Team points per match (level),0.00614041155714397,0.026635690414758557,0.81767745041596
Change in team points per match,0.296314489176005,0.03335311764853103,6.440457756513376e-19
Change of club within the league,-0.011041765897317483,0.036683327239499394,0.7634127401145152
Non-penalty goals per 90 (level),0.050222437235876875,0.03948816565983708,0.20343169590137034
Non-penalty goals per 90 (change),0.03331971361387365,0.030014592993542182,0.2669485596703889
Assists per 90 (level),0.00215321013743717,0.01467397427907522,0.8833398725376105
Assists per 90 (change),0.024823932386759208,0.012763781009427775,0.051790271749561884
Pair starting 2018/19,-0.12163676640104655,0.04684578158871498,0.009416898992679428
Pair starting 2019/20,0.3120215718095252,0.05642362481042573,3.202655175607109e-08
Pair starting 2020/21,0.01168854217019813,0.046768316906083754,0.8026458360857475
Pair starting 2021/22,0.007782535443005391,0.05625005573094903,0.8899590310318622
Pair starting 2022/23,0.17512354340067138,0.05424902761799052,0.001245972767827454
Pair starting 2023/24,0.1127827167924757,0.05288786772643201,0.03296679106242436
Level of shots p90,-0.014704317572373643,0.056534543597660546,0.7947909659829335
Change in shots p90,0.06354378581922257,0.045266792764316686,0.16038984975817583
Level of sot p90,0.05044352497659277,0.07284591603661222,0.48864296490037074
Change in sot p90,-0.02448531095554177,0.050004971038239025,0.6243762544669241
Level of crosses p90,-0.0034090827497598904,0.011461701840985153,0.7661363265458419
Change in crosses p90,0.01043647864470328,0.016206555335512032,0.5195971604136518
Level of interceptions p90,0.017084405814240186,0.01807336245518527,0.3445154449112683
Change in interceptions p90,0.0009376063390025453,0.018793225440835518,0.9602095237436773
Level of tackles won p90,0.007473796685204501,0.014560004704249572,0.6077344577754382
Change in tackles won p90,0.007689421595685018,0.013496263070447108,0.5688510062124346
Level of fouls p90,0.00756295514019893,0.014880418043604857,0.6112788466805064
Change in fouls p90,-0.009529862587734984,0.01511667157692184,0.5284193748964359
Level of fouled p90,0.022759013059698692,0.018477919882084144,0.21806604088870374
Change in fouled p90,0.04943131313167644,0.02190400766322999,0.024025288138771906
Level of offsides p90,0.002691173225335353,0.014371430804920302,0.8514579241194601
Change in offsides p90,-0.009232961890608736,0.01621201565487016,0.5690077070648318
Level of sot rate shr,-0.04614972407989802,0.03082795579708228,0.13439094325895734
Change in sot rate shr,0.005083389561375338,0.023686714169083117,0.8300719288914695
Level of g sh shr,0.022330836169943254,0.030076372809533864,0.4578019842982253
Change in g sh shr,0.026667176511061506,0.024482551999285874,0.2760516370963415
Change in membership of archetype 2,-0.11378902614653814,0.11281536258201197,0.3131518292977734
Change in membership of archetype 3,-0.307787205656752,0.0892374799144067,0.0005625000625877366
Change in membership of archetype 4,-0.14001288778629364,0.07243190251421287,0.05323276198275163
Change in noise membership,-0.23914973288361863,0.16114049126844254,0.13778053348660368
