Rates,K,Baseline,Adj. R2 baseline,Gain adj. R2,Gain out-of-sample R2,Wald p (naive),Wald p (bootstrap),SE ratio
shrunk,4,core,0.4476723584887124,0.0033744904756732,0.0007635759125548,0.0269420663045007,0.0786357656469114,1.083316525815166
shrunk,4,core,0.4476723584887124,0.0033744904756732,0.0007635759125548,0.0269420663045007,0.0368541028414581,1.1012412718221998
shrunk,4,core,0.4476723584887124,0.0033744904756732,0.0007635759125548,0.0269420663045007,0.0291749172640773,1.1862209681773286
shrunk,4,core,0.4476723584887124,0.0033744904756732,0.0007635759125548,0.0269420663045007,0.4451415028568375,1.0969296316565145
shrunk,4,core,0.4476723584887124,0.0033744904756732,0.0007635759125548,0.0269420663045007,0.0877995187192225,1.1537692863152245
shrunk,4,core,0.4476723584887124,0.0033744904756732,0.0007635759125548,0.0269420663045007,0.1709314554602037,1.092191510096446
shrunk,4,full,0.4476791613295418,0.005621526242527,0.0032629130268743,0.0021811510742863,0.0152802115129171,1.1466203933134669
shrunk,4,full,0.4476791613295418,0.005621526242527,0.0032629130268743,0.0021811510742863,0.0077320948673275,1.1890456370392544
shrunk,4,full,0.4476791613295418,0.005621526242527,0.0032629130268743,0.0021811510742863,0.0076287891992986,1.2844563170282093
shrunk,4,full,0.4476791613295418,0.005621526242527,0.0032629130268743,0.0021811510742863,0.2768757281027134,1.154704975180971
shrunk,4,full,0.4476791613295418,0.005621526242527,0.0032629130268743,0.0021811510742863,0.019160822437711,1.1554605780773544
shrunk,4,full,0.4476791613295418,0.005621526242527,0.0032629130268743,0.0021811510742863,0.0689591271892696,1.1845516215951792
raw,4,core,0.4476723584887124,0.0031354607347585,0.0006936097050418,0.0344589475489649,0.0549917259042133,1.1269865840479596
raw,4,full,0.4456741531806836,0.0059110481815274,0.0039723805391642,0.0023336905167128,0.0163967388732726,1.2096224445991877
shrunk,3,core,0.4476723584887124,0.0004112399056721,-0.0011623380968955,0.2656269772888661,0.5572448420132761,1.3402388113808918
shrunk,3,full,0.4476791613295418,0.0016639565714389,9.387624291171682e-05,0.0527682280643355,0.3350119047500099,1.464584976618449
shrunk,5,core,0.4476723584887124,-1.9954020856749463e-05,-0.0019667582348484,0.4275603954459889,0.7226797066704556,1.2819729157443305
shrunk,5,full,0.4476791613295418,-0.0002235281814449,-0.0025193245468518,0.5222267475589324,0.757419535417414,1.3234096859063231
raw,3,core,0.4476723584887124,0.002691605528834,0.0010494039473024,0.0542575580964941,0.0774620003279648,1.0735866964584615
raw,3,full,0.4456741531806836,0.0058494320421486,0.0047295399148982,0.0032814695375235,0.0115866904659974,1.1350614741358396
