Variable,Mean,SD,Min,Median,Max,N
Non-penalty goals per 90,0.11241889100164679,0.16155234718279282,0.0,0.0520383744355864,1.9033232628398795,3192
Assists per 90,0.08287414627146443,0.11733367829521461,0.0,0.03846976025257335,1.0588235294117647,3192
Shots per 90,1.2609026868845878,0.9834942004320899,0.0,0.9673705840120812,7.677725118483412,3192
Shots on target per 90,0.42307444105025416,0.4283532922515973,0.0,0.2769230769230769,3.5347432024169185,3192
Crosses per 90,1.8170455957739446,1.9475875643254652,0.0,1.1306572813484554,12.872996300863132,3192
Interceptions per 90,1.0373318636298152,0.6724529251531749,0.0,0.9581268133462283,4.56221198156682,3192
Tackles won per 90,1.0546109094361702,0.5768458004054456,0.0,0.9831014930243942,4.195804195804196,3192
Fouls committed per 90,1.605021769626352,0.7224497348575349,0.0,1.4988165538203813,8.571428571428571,3192
Fouls drawn per 90,1.4808070952987735,0.9056177086165006,0.0,1.34186519753362,5.869565217391304,3192
Offsides per 90,0.20921271408152278,0.3061584732442899,0.0,0.08208017965565995,2.443438914027149,3192
Shots on target rate (shrunk),0.3296163813415107,0.07271904380560429,0.1216448289021752,0.3233098157408041,0.9240978671076624,3192
Goals per shot (shrunk),0.08790490529292132,0.04176034899416946,0.0125263115022687,0.077245587597324,0.3016703559364196,3192
Age (years),25.166040100250626,3.938734783854526,17.0,25.0,41.0,3192
Minutes played,1350.5836466165413,777.5317203843259,200.0,1270.0,3060.0,3192
Team points per match (on pitch),1.357498159256917,0.5850463775221253,0.0,1.21,3.0,3190
Change in log market value (t to t+1),0.07031526063980534,0.6304030100291986,-1.6094379124341014,0.0,3.075774981227527,1364
Size of the membership shift,0.35641139361211843,0.32577018204990266,0.0003075978103211,0.2570421562290793,1.381507133986113,1433
